Elders,Adults,Teen,x,y
0.196614583,0.46875,0.334635417,173946.344,614167.1864
0.232300885,0.482300885,0.28539823,189539.8843,628489.6115
0.248322148,0.432885906,0.318791946,172992.2744,613096.7801
0.257267442,0.395348837,0.347383721,226695.9368,519702.6827
0.216035635,0.461024499,0.322939866,179977.3314,608413.7751
0.174231332,0.453879941,0.371888726,188089.6537,617337.5469
0.202551834,0.432216906,0.36523126,181244.5493,613270.5717
0.071216617,0.486646884,0.442136499,198402.3557,402578.0006
0.248803828,0.497607656,0.253588517,179701.4346,659613.5361
0.138138138,0.483483483,0.378378378,191761.3595,604792.8876
0.178438662,0.508054523,0.313506815,184953.5296,607989.9074
0.254801921,0.473889556,0.271308523,251056.6139,763501.3077
0.228643216,0.43718593,0.334170854,192565.2798,625419.2368
0.163823163,0.477459527,0.35871731,185249.3083,639415.0948
0.223529412,0.485294118,0.291176471,256469.8189,773459.0239
0.181282802,0.467197608,0.35151959,163796.0529,579871.3594
0.2272,0.4528,0.32,172016.5586,616165.1895
0.168908819,0.484304933,0.346786248,200582.5955,722918.6258
0.286836935,0.469548134,0.243614931,258282.24,769257.4873
0.183962264,0.455974843,0.360062893,169989.0264,609387.2164
0.180769231,0.478846154,0.340384615,176120.2789,608991.4829
0.75,0.25,0,254305.1451,759440.6194
0.229765013,0.441253264,0.328981723,188566.9384,627629.2154
0.227455178,0.468022478,0.304522344,193152.9395,701564.1042
0.26309795,0.54498861,0.19191344,254242.9107,798163.9721
0.235751295,0.448186528,0.316062176,170876.7462,611601.896
0.154694889,0.398108534,0.447196577,247188.876,735024.8881
0.212833545,0.468445574,0.318720881,239740.2996,732715.7005
0.269635628,0.473684211,0.256680162,252396.276,730287.2635
0.232053422,0.535893155,0.232053422,238389.7067,740021.9327
0.109022556,0.453634085,0.437343358,189302.9582,621683.8096
0.203265499,0.459417889,0.337316611,194965.9749,733200.043
0.226351351,0.447635135,0.326013514,171101.7999,614779.5779
0.293083236,0.453692849,0.253223916,253324.3507,735495.0435
0.304597701,0.488505747,0.206896552,248016.7687,743997.5907
0.051383399,0.428194993,0.520421607,195456.6959,614916.0997
0.311403509,0.463450292,0.225146199,254186.343,734852.5077
0.288035451,0.488921713,0.223042836,253158.2891,736469.7251
0.201298701,0.474837662,0.323863636,190662.9684,645269.8758
0.222386588,0.463017751,0.314595661,248342.934,748677.1852
0.237481032,0.45447648,0.308042489,229166.5842,723534.8289
0.184864865,0.492972973,0.322162162,162152.8194,607313.8745
0.263374486,0.430041152,0.306584362,143127.3665,580384.6522
0.25490768,0.449669668,0.295422652,167582.8805,635675.818
0.157814871,0.46585736,0.376327769,168286.7364,595140.8607
0.314191961,0.447087777,0.238720263,195621.3311,706413.418
0.252941176,0.489705882,0.257352941,198660.8386,733931.3237
0.292389853,0.473965287,0.23364486,254054.005,794221.2453
0.270815074,0.455740578,0.273444347,254387.5863,769777.7859
0.29,0.495,0.215,211358.3965,635273.0848
0.259305211,0.447890819,0.29280397,254252.0643,734006.2181
0.238366572,0.455840456,0.305792972,218489.25,732866.3108
0.309130913,0.455445545,0.235423542,237056.6648,718128.5892
0.251798561,0.415467626,0.332733813,237768.6862,717896.2948
0.180604982,0.455516014,0.363879004,233937.7974,719161.1229
0.291208791,0.462912088,0.245879121,235300.9235,719143.1458
0.295454545,0.352272727,0.352272727,193887.112,651738.8069
0.315508021,0.441176471,0.243315508,236948.7962,718969.446
0.275088548,0.433293979,0.291617473,240137.2362,713940.9268
0.279596977,0.442065491,0.278337531,224514.7193,729928.759
0.202443281,0.476439791,0.321116928,228116.4746,726203.1768
0.309024613,0.446672744,0.244302644,240865.6943,713675.987
0.247821351,0.502723312,0.249455338,207369.9594,738792.1562
0.249347258,0.471279373,0.279373368,229980.4227,723294.7869
0.297927461,0.455958549,0.24611399,190208.1527,674931.9247
0.188880969,0.483428368,0.327690663,180564.0841,502393.6421
0.25,0.452380952,0.297619048,197520.899,721903.8736
0.155420773,0.473843821,0.370735406,228546.3109,729066.4172
0.326248672,0.429330499,0.244420829,227214.3525,728506.4119
0.162576687,0.386503067,0.450920245,227598.8095,727737.0446
0.124183007,0.607843137,0.267973856,163297.5301,620254.3352
0.245210728,0.415070243,0.339719029,209014.4109,739520.2421
0.203030303,0.478787879,0.318181818,225803.3209,717210.5745
0.292134831,0.458631256,0.249233912,188492.4314,699118.1596
0.240950083,0.475549346,0.283500572,215855.8393,734301.8369
0.288209607,0.415720524,0.296069869,221419.534,729870.5892
0.219202899,0.476449275,0.304347826,220782.5316,627395.2046
0.271428571,0.446428571,0.282142857,188827.478,663956.6817
0.287651677,0.48608137,0.226266952,213745.6115,723854.7934
0.157894737,0.422697368,0.419407895,218165.2405,728007.6678
0.268700787,0.420275591,0.311023622,220180.9381,731178.9668
0.238599349,0.450325733,0.311074919,221360.102,731476.4469
0.1968,0.4352,0.368,219309.6059,731525.4076
0.326530612,0.456632653,0.216836735,200963.4887,707695.4983
0.198019802,0.478547855,0.323432343,214543.1664,732087.876
0.276119403,0.475124378,0.248756219,225151.8273,716541.3781
0.151515152,0.415059688,0.433425161,213517.9942,733748.5279
0.312827225,0.497382199,0.189790576,254066.9752,732757.5142
0.234042553,0.428805237,0.337152209,181022.9149,642884.4357
0.261971831,0.498591549,0.23943662,223284.2047,718293.713
0.300613497,0.395705521,0.303680982,225102.6812,717593.6474
0.235818766,0.468783446,0.295397788,181272.5998,641718.5331
0.166328453,0.500579794,0.333091752,192480.4567,684407.1162
0.185840708,0.450522928,0.363636364,173492.7045,626674.3107
0.051886792,0.70754717,0.240566038,178186.3045,647019.738
0.19030303,0.466666667,0.343030303,193770.5858,685704.5698
0.232620321,0.474331551,0.293048128,186699.7218,643422.6436
0.282420749,0.461095101,0.25648415,178543.2918,648784.8714
0.140381282,0.413344887,0.44627383,188995.6593,637631.8521
0.18869258,0.46360424,0.34770318,192245.8327,682938.0707
0.24504084,0.501750292,0.253208868,177480.708,624750.0767
0.197530864,0.496296296,0.30617284,222531.6357,718846.0954
0.176296296,0.416296296,0.407407407,223365.0561,719558.6515
0.159417299,0.506685375,0.333897326,173197.8992,633415.377
0.316348195,0.418259023,0.265392781,194577.5411,699167.7274
0.180084746,0.48470339,0.335211864,193789.3813,691409.4079
0.190743338,0.464235624,0.345021038,196962.9275,686733.4737
0.25015015,0.494594595,0.255255255,191662.2182,690309.863
0.281585467,0.463253509,0.255161024,193761.9674,699787.1589
0.183080808,0.506313131,0.310606061,178757.7873,650271.8746
0.268172195,0.428369795,0.30345801,188164.1043,695191.485
0.327389444,0.455777461,0.216833096,254519.1126,731863.7957
0.25,0.478040541,0.271959459,183653.1644,642294.2939
0.235945486,0.499148211,0.264906303,211763.332,744232.1214
0.218371121,0.459346531,0.322282348,189481.6015,686635.7491
0.240694789,0.521091811,0.2382134,190485.8284,672408.2633
0.277507303,0.407984421,0.314508277,194333.024,680486.9218
0.22265625,0.59765625,0.1796875,187195.6558,697636.8247
0.190921228,0.502670227,0.306408545,193932.1679,683575.7691
0.292151163,0.466569767,0.24127907,254830.3077,730186.501
0.172465961,0.388804841,0.438729198,200481.4112,710036.2654
0.211345382,0.488955823,0.299698795,188732.7636,698566.2775
0.190298507,0.432835821,0.376865672,190944.1352,695074.9764
0.245467225,0.439330544,0.315202232,225920.4084,733968.5367
0.255775578,0.438943894,0.305280528,190827.5496,695629.4416
0.261813538,0.446998723,0.291187739,191238.2617,695860.5688
0.176101732,0.492172769,0.331725499,192057.2281,687138.921
0.265789474,0.421052632,0.313157895,181187.7809,644051.4592
0.312912347,0.413760603,0.27332705,191285.1549,696668.4147
0.218864469,0.476190476,0.304945055,192837.3305,677588.529
0.198388721,0.460221551,0.341389728,254729.0324,729408.6454
0.291970803,0.464720195,0.243309002,187357.4614,698496.0667
0.313609467,0.399408284,0.286982249,178749.2632,647749.7013
0.20979021,0.444755245,0.345454545,191699.2124,698382.4035
0.140703518,0.47361809,0.385678392,193210.0732,699288.317
0.252427184,0.446601942,0.300970874,189190.0576,674771.0168
0.295673077,0.427884615,0.276442308,188669.0234,675076.5036
0.362098139,0.416243655,0.221658206,214991.9194,633465.4712
0.050359712,0.45323741,0.496402878,197450.3588,736105.4171
0.126843658,0.445427729,0.427728614,198757.3537,710412.5141
0.169146437,0.395458105,0.435395458,191856.0142,699606.6048
0.344322344,0.428571429,0.227106227,190962.3878,673110.2989
0.218611521,0.429837518,0.35155096,192016.8409,700452.1966
0.263313609,0.433431953,0.303254438,208417.0572,747322.2365
0.210708117,0.490500864,0.298791019,201147.52,709972.0607
0.270627063,0.47689769,0.252475248,186760.553,695640.3095
0.244874715,0.469248292,0.285876993,200361.2056,707685.465
0.234152346,0.442030015,0.32381764,188390.2327,663143.6488
0.281412253,0.433021807,0.28556594,189893.751,663424.0099
0.233748271,0.46473029,0.301521438,183908.6522,680752.1156
0.209302326,0.445964432,0.344733242,190660.2774,694690.7176
0.214054927,0.454765751,0.331179321,174546.9148,633807.4743
0.3375,0.410416667,0.252083333,187302.2617,696380.5819
0.315159574,0.426861702,0.257978723,210827.3154,736580.7186
0.255434783,0.467391304,0.277173913,191305.8825,677992.5545
0.198884612,0.502474275,0.298641112,210054.2295,729138.0086
0.255010366,0.444367657,0.300621977,211036.1447,728916.1199
0.269457162,0.444081099,0.28646174,241517.8852,717384.1907
0.128498236,0.454262249,0.417239515,160457.8459,592170.0098
0.199236641,0.476335878,0.324427481,183602.5026,678548.2606
0.226628895,0.430594901,0.342776204,216940.0525,733480.2549
0.195945946,0.456756757,0.347297297,193009.9031,664837.8475
0.358124495,0.444624091,0.197251415,211534.4049,727865.2602
0.510288066,0.283950617,0.205761317,188040.8999,696791.3433
0.218045113,0.446616541,0.335338346,257329.4735,773009.2736
0.278037383,0.450934579,0.271028037,211118.5366,743994.2937
0.196969697,0.495867769,0.307162534,247440.5381,745178.5523
0.269230769,0.447552448,0.283216783,243299.3894,712195.5055
0.186086957,0.485217391,0.328695652,192626.7179,661197.9281
0.145265888,0.516212711,0.338521401,245528.1306,714653.6347
0.346101231,0.425444596,0.228454172,249346.5395,750414.8158
0.257617729,0.501385042,0.24099723,256417.449,732111.8396
0.361067504,0.423861852,0.215070644,256950.916,732533.1774
0.25,0.504166667,0.245833333,251646.4699,718092.8575
0.356027233,0.408490188,0.235482579,183287.8371,677054.8301
0.171052632,0.400219298,0.42872807,249874.0761,703086.7861
0.176421405,0.481605351,0.341973244,241743.6581,721276.378
0.336929461,0.466390041,0.196680498,209724.6126,722388.8266
0.31184669,0.5,0.18815331,252042.5728,711051.7057
0.291291291,0.460960961,0.247747748,260201.556,742949.0882
0.163991626,0.445219819,0.390788555,184379.9592,626549.817
0.138360429,0.483223798,0.378415773,192040.143,689482.0497
0.262645914,0.470817121,0.266536965,210995.2155,744576.3809
0.277667984,0.457509881,0.264822134,216619.4901,776984.81
0.163179916,0.5,0.336820084,230577.7673,765267.1271
0.21117062,0.461361897,0.327467483,208209.0149,765149.3547
0.202200825,0.477303989,0.320495186,190510.0006,679556.6064
0.321823204,0.424033149,0.254143646,213809.3611,736259.8391
0.203872437,0.448747153,0.34738041,210640.286,636102.1862
0.580524345,0.248439451,0.171036205,188110.0168,684357.8393
0.178082192,0.473059361,0.348858447,187378.5284,685230.46
0.311271975,0.429162358,0.259565667,209350.4194,756529.7253
0.323253389,0.42544317,0.251303441,194658.789,719320.082
0.216541353,0.439097744,0.344360902,243720.4734,737105.123
0.152845528,0.453658537,0.393495935,169847.4483,616877.7848
0.211327134,0.475908707,0.312764159,220697.712,774302.268
0.26929982,0.448833034,0.281867145,252570.3955,707117.2383
0.337301587,0.48015873,0.182539683,250304.2789,710915.2546
0.277001271,0.477763659,0.24523507,209617.5118,755015.4951
0.411449016,0.431127013,0.157423971,244830.0424,711268.4652
0.298572997,0.425905598,0.275521405,207309.4762,721734.0571
0.204477612,0.485074627,0.310447761,191207.4576,642026.0762
0.272049689,0.442236025,0.285714286,259908.7259,792811.2023
0.249658936,0.467939973,0.282401091,261194.1904,793987.5523
0.239779006,0.482872928,0.277348066,248592.5554,705282.5494
0.366863905,0.473372781,0.159763314,252023.6148,725082.7014
0.174807198,0.449871465,0.375321337,241121.4025,733582.2834
0.126518219,0.389676113,0.483805668,247328.3621,739149.9517
0.234016888,0.427020507,0.338962606,253764.0438,766091.0987
0.169714704,0.518653987,0.311631309,172089.475,614615.6546
0.264339152,0.433915212,0.301745636,200717.7656,712440.974
0.246575342,0.476712329,0.276712329,177315.6832,650257.0131
0.254237288,0.454237288,0.291525424,193874.7925,731617.1208
0.215817694,0.45844504,0.325737265,212302.2066,749405.8343
0.222119816,0.426728111,0.351152074,170022.2697,618825.8843
0.161431065,0.489528796,0.34904014,188437.1736,687179.7648
0.246724891,0.486899563,0.266375546,200721.7223,737465.1953
0.22,0.463333333,0.316666667,144115.2795,573271.8135
0.280058651,0.469208211,0.250733138,258320.8701,786981.5068
0.188969992,0.467964315,0.343065693,174062.8415,625302.6218
0.194066749,0.512978986,0.292954265,256823.2959,790521.7135
0.197986577,0.508389262,0.293624161,261006.8605,792805.6051
0.180842912,0.466666667,0.352490421,215075.9351,774152.2225
0.273003472,0.427951389,0.299045139,189902.3423,693375.4245
0.223584906,0.45,0.326415094,190255.0594,711039.5762
0.204545455,0.477272727,0.318181818,149411.1489,522613.8486
0.182210708,0.474093264,0.343696028,258531.0301,787943.0574
0.197556008,0.448065173,0.354378819,251469.451,734810.2551
0.231734317,0.453874539,0.314391144,187234.0249,650936.9576
0.244827586,0.448275862,0.306896552,173601.5289,635913.5116
0.211659193,0.471748879,0.316591928,209388.799,724149.5105
0.265586035,0.440149626,0.294264339,166416.2868,601633.6697
0.102345416,0.57782516,0.319829424,163021.2301,604728.9419
0.203059805,0.424200278,0.372739917,239134.1242,721917.1647
0.239179954,0.422551253,0.338268793,180509.4906,615062.9735
0.1796875,0.47265625,0.34765625,163246.3208,611224.5291
0.30958231,0.432432432,0.257985258,249155.3054,714010.4532
0.237623762,0.441831683,0.320544554,202937.0323,707003.1197
0.223880597,0.507462687,0.268656716,261698.4866,788904.1534
0.23828125,0.451171875,0.310546875,184204.3297,673863.4292
0.294339623,0.513207547,0.19245283,251152.0048,789038.128
0.257142857,0.48,0.262857143,160218.4585,603362.4625
0.131223629,0.440084388,0.428691983,165130.3667,627623.4395
0.31042654,0.433649289,0.255924171,149065.5261,569016.2065
0.458333333,0.361111111,0.180555556,211019.5359,734145.8914
0.290084388,0.484177215,0.225738397,173336.2307,550308.4337
0.323076923,0.453846154,0.223076923,197393.2671,671666.8346
0.254458977,0.495838288,0.249702735,258603.0385,791762.7926
0.26305793,0.448243115,0.288698955,257196.3645,786495.6291
0.296216216,0.477837838,0.225945946,158093.6072,610828.5567
0.35193133,0.394849785,0.253218884,165495.2253,625032.6194
0.190108192,0.472952087,0.336939722,204163.8494,717076.7304
0.314763231,0.401114206,0.284122563,172002.9267,600646.905
0.143079316,0.382581649,0.474339036,181205.1057,633001.926
0.136818687,0.457174638,0.406006674,195070.576,633428.4041
0.206762029,0.433029909,0.360208062,237207.9946,736025.0314
0.246781116,0.484978541,0.268240343,261960.152,785696.5892
0.206097561,0.491463415,0.302439024,207879.3812,726204.834
0.211538462,0.424145299,0.364316239,247094.5446,764837.2932
0.261946903,0.446017699,0.292035398,207410.5737,718087.2463
0.321138211,0.491869919,0.18699187,192589.1523,642643.5638
0.152542373,0.56779661,0.279661017,238422.5701,734253.3341
0.217607973,0.504983389,0.277408638,252009.5191,778455.1
0.234908136,0.446194226,0.318897638,193794.4794,695561.1364
0.194714882,0.443671766,0.361613352,246689.7955,753947.1591
0.16006216,0.452991453,0.386946387,203486.1624,699094.8998
0.25026738,0.465240642,0.284491979,209759.9215,766320.7424
0.190525232,0.457260556,0.352214212,198650.051,698259.3585
0.246246246,0.537537538,0.216216216,251561.2135,794706.4122
0.23582996,0.457489879,0.306680162,195453.7738,689305.7921
0.219106957,0.492211838,0.288681205,260842.0149,782879.8809
0.281767956,0.451657459,0.266574586,188195.8455,701362.2662
0.221719457,0.419306184,0.358974359,247458.7371,708443.826
0.355072464,0.449275362,0.195652174,250967.9684,759320.1634
0.469975981,0.329863891,0.200160128,190636.6484,685416.315
0.222222222,0.446581197,0.331196581,192324.6383,694921.4683
0.186930091,0.469604863,0.343465046,242411.6632,730314.8493
0.182675815,0.477701544,0.339622642,188809.1919,680072.9877
0.299445471,0.442698706,0.257855823,209566.9615,764578.2939
0.119047619,0.452380952,0.428571429,178824.8646,623300.8755
0.268041237,0.41089838,0.321060383,185630.0714,615712.754
0.25483504,0.452787258,0.292377702,175289.0949,591434.1056
0.305343511,0.415606446,0.279050042,173178.949,585873.0718
0.19486692,0.49904943,0.30608365,188659.375,570257.99
0.271171171,0.465765766,0.263063063,172789.7937,572097.833
0.234666667,0.418666667,0.346666667,162320.8026,590425.5298
0.248955723,0.467000835,0.284043442,151665.5291,592697.8044
0.090805254,0.408338093,0.500856653,177807.8743,609259.6689
0.317174515,0.497229917,0.185595568,138773.805,572044.4896
0.375215146,0.464716007,0.160068847,154656.9674,579405.5878
0.240153698,0.429394813,0.330451489,207762.298,635055.7267
0.306962025,0.416666667,0.276371308,173582.8542,631194.2921
0.215568862,0.429141717,0.355289421,233094.7152,728120.8319
0.276923077,0.457342657,0.265734266,256061.9995,785009.3915
0.222748815,0.432464455,0.34478673,220877.9716,766924.7833
0.833333333,0.166666667,0,187164.1469,682367.0609
0.278293135,0.478664193,0.243042672,155640.8655,568205.2271
0.120385233,0.443017657,0.436597111,169366.0091,595188.2399
0.087986464,0.358714044,0.553299492,154806.5809,592488.7634
0.257274119,0.488514548,0.254211332,256997.8512,793905.1674
0.230077121,0.474293059,0.29562982,185296.7895,683872.3039
0.218181818,0.460330579,0.321487603,187904.107,680776.8358
0.195718654,0.434250765,0.370030581,155903.7643,597779.2397
0.307073955,0.464630225,0.22829582,179498.0171,546059.5419
0.225260417,0.471354167,0.303385417,191644.5129,700842.1863
0.322654462,0.417620137,0.2597254,193039.266,696534.1003
0.178849145,0.513219285,0.307931571,161686.4619,601970.9709
0.163346614,0.485059761,0.351593625,192684.8312,681674.9815
0.178921569,0.474264706,0.346813725,195886.3933,731414.9684
0.094339623,0.547169811,0.358490566,196423.8502,741359.6561
0.268972142,0.477425552,0.253602305,166383.146,607432.6387
0.144486692,0.482889734,0.372623574,216324.9367,737178.913
0.24567474,0.46828143,0.286043829,218278.5186,737780.4635
0.169045005,0.501646542,0.329308452,246326.8885,768931.0672
0.270588235,0.450420168,0.278991597,209280.238,761738.2062
0.231168831,0.455844156,0.312987013,192878.125,724395.0559
0.225400458,0.457665904,0.316933638,196251.9015,739714.7114
0.227176221,0.421443737,0.351380042,183541.1684,647899.3917
0.273134328,0.437313433,0.289552239,239392.6093,729189.8014
0.153021442,0.444444444,0.402534113,245046.7681,709606.0632
0.310211946,0.404624277,0.285163776,245456.2488,708686.1747
0.106325707,0.31628533,0.577388964,187314.1248,635903.1951
0.165948276,0.450431034,0.38362069,234011.3212,717184.3529
0.363737486,0.44160178,0.194660734,256621.0961,764559.6227
0.302931596,0.390879479,0.306188925,203471.779,714487.2142
0.188262195,0.444359756,0.367378049,205662.8268,722543.3816
0.203866432,0.504393673,0.291739895,185700.7681,685724.1623
0.439814815,0.367283951,0.192901235,190615.1086,691174.589
0.202020202,0.460157127,0.337822671,191994.7008,659037.4292
0.201219512,0.406504065,0.392276423,191938.8145,662833.3619
0.293423272,0.451939292,0.254637437,191662.9989,660944.6127
0.343908629,0.426395939,0.229695431,230450.8099,718605.6661
0.253077975,0.488372093,0.258549932,251872.3862,781395.7363
0.196371398,0.458911419,0.344717182,210570.7041,770436.2042
0.527355623,0.31231003,0.160334347,206295.2895,633812.4525
0.291273585,0.456367925,0.252358491,242203.0224,727072.975
0.220946915,0.460545194,0.318507891,207000.9093,631260.6368
0.16748366,0.456699346,0.375816993,190969.557,634813.6904
0.247191011,0.446941323,0.305867665,220420.3955,767903.9805
0.332344214,0.385756677,0.28189911,195529.3187,635246.8642
0.265700483,0.519323671,0.214975845,211377.5365,632354.5901
0.215778252,0.494953802,0.289267946,183680.172,656296.0917
0.239044176,0.483907945,0.277047879,183172.234,641066.4667
0.139657283,0.507099143,0.353243574,210534.3263,634813.9596
0.140044248,0.53620944,0.323746313,216186.6566,762891.9453
0.142461964,0.525587828,0.331950207,232709.07,725195.7258
0.105422091,0.518386794,0.376191115,230532.1016,731813.4439
0.1418283,0.55749243,0.30067927,235733.5059,763305.0347
0.120365558,0.55500693,0.324627512,238961.93,754631.5461
0.088546299,0.53513193,0.376321771,234847.6576,745917.4556
0.111490866,0.531997643,0.356511491,226047.7246,759334.0996
0.146726513,0.561368209,0.291905278,217247.3271,760702.7561
0.203681352,0.530175015,0.266143633,242119.8848,769737.7139
0.129090052,0.51475719,0.356152758,235172.6575,733041.7111
0.110366046,0.520905648,0.368728305,224831.5775,760310.6796
0.129345794,0.53682243,0.333831776,234775.6209,751882.9747
0.163269953,0.544574747,0.2921553,205114.7589,733223.1475
0.125379018,0.553517283,0.321103699,232790.3898,769176.0027
0.094409283,0.529535865,0.376054852,242048.9893,723340.5173
0.11484863,0.514725063,0.370426306,235425.8812,742477.9299
0.128836251,0.529196704,0.341967044,226046.4249,732145.6787
0.118145845,0.535958797,0.345895358,219146.3886,762117.0998
0.107113788,0.52685984,0.366026371,219710.219,753010.6368
0.125768443,0.523309426,0.350922131,223568.6982,748443.2816
0.174035662,0.533296943,0.292667394,215528.6721,762047.8286
0.214655172,0.520689655,0.264655172,241538.9848,736357.6193
0.110633633,0.511115983,0.378250384,232340.1829,739237.707
0.084211563,0.514527726,0.401260711,224991.2982,745985.5534
0.087717196,0.518154584,0.39412822,224843.8341,735939.3819
0.103299857,0.520086083,0.37661406,239914.5599,727922.5779
0.108300395,0.491699605,0.4,210821.0662,632991.6683
0.113112855,0.532299575,0.354587569,224263.7874,758418.507
0.172544081,0.544584383,0.282871537,209523.0328,765471.255
0.219483219,0.521235521,0.259281259,224385.6439,770221.0486
0.105479452,0.512328767,0.382191781,230687.0057,738411.0148
0.070704303,0.486708687,0.44258701,211609.9727,633525.8776
0.090198705,0.516856441,0.392944854,230244.8714,760042.0006
0.135454079,0.533606978,0.330938943,232999.3198,726290.2301
0.095198675,0.489238411,0.415562914,237033.3366,724390.9521
0.103344171,0.576869484,0.319786345,232572.9089,760710.501
0.124213316,0.521695926,0.354090759,231668.386,723560.2505
0.327635328,0.452991453,0.219373219,233296.0712,759730.4161
0.084511371,0.50829748,0.407191149,230736.2548,743963.6205
0.134149088,0.53149163,0.334359282,218209.5981,747702.9541
0.174024203,0.522243054,0.303732742,238039.1012,748962.1562
0.100773137,0.509664216,0.389562647,231930.187,750705.8176
0.112673982,0.527432064,0.359893954,233366.5572,736376.9584
0.176503121,0.534249822,0.289247057,207294.6558,735229.2257
0.200515612,0.538527643,0.260956746,229333.2795,772551.3639
0.172305141,0.541791045,0.285903814,231264.7075,764332.8119
0.115628971,0.5158831,0.368487929,195940.4572,722648.1341
0.101669403,0.544745484,0.353585112,222939.5286,754909.8695
0.066230581,0.515126738,0.418642682,229448.2128,743732.594
0.187993681,0.530015798,0.281990521,245924.12,772650.1638
0.074250862,0.499337046,0.426412092,191932.2477,715881.5537
0.131895479,0.530248267,0.337856254,229724.1431,736118.36
0.195340296,0.524962699,0.279697004,234657.9896,760394.3696
0.138412017,0.533261803,0.32832618,237669.9865,760599.5281
0.100985222,0.517241379,0.381773399,238165.9985,726681.6778
0.202955665,0.491625616,0.305418719,190890.5711,691941.4028
0.234848485,0.486111111,0.279040404,176837.4075,619992.2423
0.229166667,0.482954545,0.287878788,175642.1882,637954.973
0.18767507,0.467787115,0.344537815,208073.01,761817.1502
0.187112763,0.451672862,0.361214374,181484.2892,639151.5944
0.095287958,0.427225131,0.477486911,190753.8436,636651.9383
0.228373702,0.435986159,0.335640138,182624.9345,631141.5387
0.262808561,0.470355731,0.266835707,181867.5257,659050.8326
0.5,0.5,0,195496.2244,631415.6426
0.351170569,0.454849498,0.193979933,197174.421,629972.4813
0.193415638,0.477366255,0.329218107,224658.1736,769052.5739
0.210526316,0.452631579,0.336842105,177525.8435,640567.3108
0.322720695,0.432706223,0.244573082,213928.088,763952.2334
0.19348659,0.517241379,0.289272031,159765.7882,614546.4726
0.180507497,0.49538639,0.324106113,210732.2189,771685.137
0.181405896,0.437641723,0.380952381,215882.1368,756206.1842
0.261603376,0.464135021,0.274261603,214277.4459,769574.0474
0.047780797,0.419610507,0.532608696,183237.1955,633912.335
0.344506518,0.445065177,0.210428305,237329.8953,770194.6158
0.212431694,0.477459016,0.31010929,211087.7049,776761.9212
0.191146881,0.461770624,0.347082495,199397.4323,727963.9669
0.24783028,0.483124397,0.269045323,176372.5194,643880.5391
0.234555985,0.47972973,0.285714286,154668.7617,613157.9677
0.212376934,0.444444444,0.343178622,241789.1746,743825.2874
0.194897959,0.447959184,0.357142857,217318.4522,720597.6175
0.327553354,0.420731707,0.251714939,188644.5865,661603.454
0.139599171,0.464409122,0.395991707,180296.3723,630859.3463
0.251889169,0.483627204,0.264483627,212921.4627,775055.4933
0.284823285,0.453222453,0.261954262,252197.9295,721619.5312
0.292281006,0.471812663,0.235906331,176162.8362,636963.4388
0.126002291,0.397479954,0.476517755,170964.758,636501.1934
0.185617104,0.467444121,0.346938776,178472.1628,626635.6199
0.117525773,0.412371134,0.470103093,186523.363,656726.4735
0.240885417,0.462239583,0.296875,209529.0554,763032.8687
0.299270073,0.454379562,0.246350365,248089.8212,778155.6474
0.237139272,0.503136763,0.259723965,172781.3851,649177.771
0.122484689,0.470691164,0.406824147,177333.3769,595140.5866
0.258698941,0.423600605,0.317700454,240808.5468,759732.2406
0.314453125,0.447265625,0.23828125,142528.9399,582818.3956
0.279141104,0.512269939,0.208588957,230606.0459,770912.48
0.214147287,0.477713178,0.308139535,193945.5264,655882.8009
0.173469388,0.387755102,0.43877551,243168.254,762416.4819
0.195305951,0.460184409,0.34450964,193142.9338,662197.2718
0.205499276,0.434153401,0.360347323,241421.6673,765809.9773
0.184770437,0.446808511,0.368421053,241299.4847,768427.9414
0.222319093,0.484742807,0.292938099,185424.4569,644139.9239
0.182531894,0.49656526,0.320902846,195363.2376,728269.0421
0.186142709,0.491209928,0.322647363,226455.2162,739110.8961
0.243654822,0.512690355,0.243654822,226981.8744,776605.7111
0.198598131,0.46203271,0.339369159,180784.2486,635925.4156
0.198529412,0.443933824,0.357536765,193355.121,661269.3416
0.275035261,0.471086037,0.253878702,202995.9694,709033.3342
0.177350427,0.457264957,0.365384615,193637.2027,652899.6434
0.168161435,0.475336323,0.356502242,190168.6732,613367.1071
0.255617978,0.400280899,0.344101124,170838.1209,623467.5179
0.17752235,0.409961686,0.412515964,173400.9866,622648.4252
0.283057851,0.462809917,0.254132231,242773.5965,775774.8758
0.11,0.49952381,0.39047619,195924.5816,673075.2219
0.138696255,0.516113241,0.345190503,203561.591,700608.3153
0.082882883,0.510682111,0.406435006,197396.0549,670882.8685
0.096193543,0.514201965,0.389604492,197056.5835,669377.863
0.09003291,0.505171603,0.404795487,228183.9995,713287.4739
0.145945946,0.505945946,0.348108108,230643.32,714245.3683
0.127101048,0.514138817,0.358760134,209237.5569,711628.0992
0.101288106,0.502876771,0.395835122,198261.0333,688411.176
0.346153846,0.45970696,0.194139194,204745.5279,705170.0129
0.112621359,0.512135922,0.375242718,204163.0351,705693.7627
0.120944993,0.503173484,0.375881523,210851.5602,740834.6445
0.127574578,0.526848249,0.345577173,204928.3823,712312.9808
0.116488075,0.551330798,0.332181127,214180.2153,766540.5373
0.131879543,0.497923157,0.3701973,199950.2489,688394.6767
0.16856892,0.453906936,0.377524144,228312.2951,766995.5939
0.154090548,0.453534551,0.392374901,193848.9263,657824.7541
0.19966443,0.466442953,0.333892617,244122.6315,771308.3988
0.154037267,0.437267081,0.408695652,160092.0026,595610.5333
0.288008084,0.43094543,0.281046486,185279.8773,574781.8654
0.305157593,0.438395415,0.256446991,240937.7447,773659.4664
0.26286966,0.47973713,0.257393209,158625.856,601190.9898
0.233722871,0.43572621,0.330550918,194912.8137,642089.8589
0.216366158,0.442441054,0.341192788,212055.1202,634614.9232
0.196951934,0.480656506,0.322391559,192915.6228,654175.4717
0.191624365,0.486040609,0.322335025,210776.8608,773847.3822
0.313539192,0.413301663,0.273159145,193940.5404,726880.1342
0.349489796,0.441326531,0.209183673,143057.4086,584701.2225
0.228600201,0.498489426,0.272910373,222599.2481,739595.2268
0.280660377,0.497641509,0.221698113,256596.1088,734717.9612
0.159173755,0.467800729,0.373025516,199616.8089,715276.6292
0.167741935,0.486451613,0.345806452,199665.2614,697403.8559
0.201074273,0.465604742,0.333320985,186075.0373,664914.1637
0.250588235,0.447058824,0.302352941,206582.224,726387.4978
0.183527305,0.458370636,0.358102059,196079.5179,729838.3847
0.24939759,0.427710843,0.322891566,219437.6669,724162.585
0.210191083,0.452229299,0.337579618,176685.5214,639054.5729
0.238677211,0.492451474,0.268871316,194464.5271,675383.5446
0.141405588,0.485182049,0.373412362,195470.4591,726246.4166
0.14159292,0.484513274,0.373893805,247056.3141,773005.9914
0.203975799,0.476231634,0.319792567,196680.5634,736845.4968
0.19001218,0.450669915,0.359317905,176990.4194,628121.361
0.122470714,0.43343983,0.444089457,173876.2659,623198.1985
0.247648903,0.482758621,0.269592476,198404.8114,621787.7199
0.232017544,0.517982456,0.25,192333.7211,718052.6544
0.3056,0.456,0.2384,145622.4717,578919.7941
0.117071261,0.421691464,0.461237275,185982.6899,655205.8328
0.165441176,0.481617647,0.352941176,198827.3182,691989.1446
0.21071115,0.481123793,0.308165057,196671.0289,692314.3129
0.188053097,0.452433628,0.359513274,165579.7935,621816.7534
0.187643021,0.464530892,0.347826087,178302.9225,632059.8878
0.191819464,0.430183357,0.377997179,245610.409,746461.1292
0.383783784,0.502702703,0.113513514,258588.6284,736812.5652
0.375457875,0.435897436,0.188644689,218886.8683,717897.3593
0.256461233,0.437375746,0.306163022,195276.407,663147.693
0.227001195,0.440860215,0.33213859,162401.5886,615222.1905
0.175271739,0.483695652,0.341032609,193772.6464,648954.938
0.219806763,0.458937198,0.321256039,215538.1575,764887.3433
0.100364964,0.34580292,0.553832117,169260.0132,581663.8047
0.237745098,0.486519608,0.275735294,215424.1148,632187.6927
0.165700083,0.476387738,0.357912179,191027.4908,643965.9036
0.230077121,0.483290488,0.286632391,211912.7102,767682.1714
0.258382643,0.463510848,0.278106509,148649.4954,588430.169
0.245583039,0.508833922,0.245583039,158912.7305,607710.6559
0.148148148,0.458847737,0.393004115,201135.8318,700138.2631
0.235915493,0.452464789,0.311619718,198217.3046,679724.5897
0.195327103,0.463551402,0.341121495,195190.3992,671668.1983
0.206066012,0.490633363,0.303300624,197249.2125,673362.2717
0.256696429,0.462053571,0.28125,258203.9596,734621.89
0.126997477,0.390243902,0.482758621,170192.948,637122.9095
0.187692308,0.392307692,0.42,239999.594,739323.3217
0.252947481,0.463022508,0.284030011,190592.1655,661531.324
0.18583043,0.463414634,0.350754936,162639.4345,592719.4709
0.23046875,0.4296875,0.33984375,166108.8746,620464.9316
0.187147689,0.499436302,0.313416009,177557.5262,629058.8081
0.244329897,0.468041237,0.287628866,183542.0161,657462.3996
0.23100304,0.46656535,0.302431611,251666.9279,761388.9619
0.225174825,0.440559441,0.334265734,176790.1746,636316.3681
0.185731857,0.487084871,0.327183272,256410.3221,767824.8252
0.195721925,0.480213904,0.324064171,199621.3205,695180.9034
0.215462611,0.491761724,0.292775665,186416.2095,642405.5716
0.160077771,0.484769929,0.355152301,167013.022,581818.3957
0.18772242,0.484875445,0.327402135,198749.0858,693213.1695
0.27012987,0.446753247,0.283116883,193071.6542,723685.1052
0.172526042,0.458984375,0.368489583,169439.7059,629532.4431
0.16538132,0.46958012,0.36503856,200916.5289,632102.8403
0.262295082,0.451564829,0.286140089,207532.8389,634018.8504
0.180376611,0.496531219,0.32309217,201146.7407,634396.232
0.166306695,0.467602592,0.366090713,193779.8907,643975.6937
0.169916435,0.506963788,0.323119777,163750.69,613861.3164
0.139848357,0.422072452,0.438079191,194516.0053,648383.5442
0.179401993,0.436877076,0.38372093,164588.7074,619842.4039
0.203508772,0.466666667,0.329824561,162923.9431,616312.3071
0.142857143,0.502695418,0.354447439,160863.6139,581458.7252
0.19022869,0.478170478,0.331600832,158065.9748,581822.9446
0.205128205,0.497863248,0.297008547,163045.833,581868.6471
0.190972222,0.46875,0.340277778,203581.3527,633508.1554
0.224111283,0.4374034,0.338485317,197600.4922,634373.3961
0.244495944,0.466975666,0.288528389,195381.0164,690207.4862
0.27593819,0.483443709,0.240618102,222343.6968,773588.9194
0.228791774,0.479005998,0.292202228,167395.3011,627001.1899
0.219796215,0.484716157,0.295487627,188267.5435,645762.1853
0.125256674,0.45687885,0.417864476,200777.4062,692470.2064
0.232587065,0.486318408,0.281094527,187006.8294,641259.3987
0.162280702,0.481359649,0.356359649,174369.5859,640486.6685
0.123252859,0.41931385,0.457433291,156786.224,595536.9926
0.184,0.510857143,0.305142857,164986.2495,582657.988
0.180360721,0.50250501,0.317134269,170148.8635,631342.6176
0.224963716,0.441219158,0.333817126,176844.5664,637722.3966
0.184,0.476,0.34,175446.6635,636459.6711
0.199161426,0.308176101,0.492662474,174473.2105,618957.1017
0.175635277,0.489536622,0.334828102,195659.1016,686984.5078
0.182344428,0.483357453,0.334298119,156623.801,612697.8461
0.170769231,0.453846154,0.375384615,199503.7757,733893.6237
0.177777778,0.44040404,0.381818182,210077.4848,625585.3103
0.217,0.475,0.308,169428.523,628026.4474
0.162303665,0.518324607,0.319371728,202207.5239,718811.6346
0.205882353,0.492647059,0.301470588,229714.8044,767955.0777
0.215654952,0.450479233,0.333865815,172134.4503,618101.565
0.202083333,0.45625,0.341666667,200771.8471,628401.1723
0.298642534,0.428355958,0.273001508,195817.4542,637575.9209
0.142391304,0.457608696,0.4,198418.1692,632307.074
0.210979548,0.483315393,0.305705059,213481.7248,628694.1553
0.182622687,0.499597747,0.317779566,214936.4478,629310.143
0.243971631,0.465248227,0.290780142,212796.1771,630072.6613
0.2272203,0.489042676,0.283737024,195926.1167,653614.7108
0.180041152,0.478395062,0.341563786,216805.2854,756917.6154
0.217514124,0.460451977,0.322033898,243750.0796,746339.3298
0.208741522,0.495101733,0.296156745,208799.0379,632665.7595
0.214163823,0.482081911,0.303754266,189751.2033,653659.1759
0.179331307,0.46656535,0.354103343,162022.3146,583060.827
0.206084396,0.471050049,0.322865554,164327.379,618525.1348
0.266903915,0.464412811,0.268683274,213065.8015,766543.1284
0.182741117,0.460913706,0.356345178,169744.0121,626779.7255
0.176220807,0.450106157,0.373673036,191765.2829,622782.6354
0.193992491,0.490613267,0.315394243,217714.0061,774717.8248
0.201424212,0.471007121,0.327568667,193207.0017,634814.0659
0.166935051,0.440150295,0.392914654,188015.0726,654283.3452
0.184154176,0.467880086,0.347965739,188701.5546,655073.8409
0.194770063,0.491433724,0.313796213,194844.9902,624165.2623
0.205510907,0.501722158,0.292766935,193285.5696,715000.0829
0.164222874,0.381231672,0.454545455,185030.4216,658421.7943
0.181078332,0.485249237,0.333672431,194087.4768,659789.152
0.138977636,0.380191693,0.480830671,162827.99,594738.4778
0.177492447,0.465256798,0.357250755,191340.8645,649057.4436
0.189842805,0.472793229,0.337363966,196835.0309,628775.4465
0.197747184,0.466833542,0.335419274,222652.8379,507532.5143
0.253363229,0.496636771,0.25,195329.2064,693222.5124
0.256568779,0.43122102,0.312210201,195406.0038,678194.7746
0.202852615,0.435816165,0.36133122,200386.1447,630459.438
0.2,0.492173913,0.307826087,198560.6568,725354.4012
0.192805755,0.479136691,0.328057554,162022.1134,599145.3664
0.214496833,0.495285011,0.290218156,214152.2914,775690.5177
0.161172161,0.472527473,0.366300366,221975.2176,768379.2323
0.183606557,0.424043716,0.392349727,168975.6761,608187.7783
0.198127925,0.429017161,0.372854914,177328.5549,618587.814
0.203832753,0.484320557,0.31184669,200045.2429,626653.9314
0.18057554,0.48057554,0.338848921,171404.225,628846.0008
0.154746424,0.453836151,0.391417425,176010.2348,621127.3045
0.218201754,0.453947368,0.327850877,175778.5001,624224.9967
0.257606491,0.460446247,0.281947262,167546.3466,609657.4106
0.236641221,0.505725191,0.257633588,178241.7764,606942.5752
0.161097852,0.478520286,0.360381862,205894.4736,625024.9871
0.209003215,0.458199357,0.332797428,207008.9692,626280.4066
0.202643172,0.41938326,0.377973568,168680.8606,615461.6147
0.110709117,0.437771346,0.451519537,205326.0237,628113.781
0.273641851,0.458752515,0.267605634,177659.8354,611191.2798
0.188841202,0.450643777,0.360515021,175524.0569,634844.8872
0.187793427,0.481690141,0.330516432,185782.1605,646941.2647
0.274661509,0.458413926,0.266924565,143612.5458,572306.751
0.185255369,0.471124346,0.343620285,193329.7188,544192.6121
0.079787234,0.468085106,0.45212766,233737.0367,716387.7948
0.264957265,0.463675214,0.271367521,183949.3525,658364.6917
0.157416751,0.446014127,0.396569122,197430.8179,685372.729
0.202881152,0.4969988,0.300120048,188617.4504,640374.4055
0.207865169,0.479775281,0.312359551,189332.5995,641703.8381
0.340540541,0.497297297,0.162162162,142951.1235,587239.82
0.207306712,0.480883602,0.311809686,193394.7298,673237.6897
0.308988764,0.449438202,0.241573034,183774.3219,681773.5957
0.238979118,0.526682135,0.234338747,251209.4768,791061.3758
0.215767635,0.508298755,0.27593361,152292.1163,598029.159
0.251077586,0.515086207,0.233836207,155660.3538,599250.4923
0.237791932,0.428874735,0.333333333,241153.5407,761027.8384
0.019748654,0.578096948,0.402154399,174479.0073,636150.1277
0.138447147,0.472404116,0.389148737,183323.5516,591204.2188
0.195694716,0.493150685,0.311154599,199347.8665,699336.5415
0.172635445,0.50137741,0.325987144,200534.9646,690320.718
0.269151139,0.455486542,0.275362319,260684.867,780918.1215
0.229365769,0.498696785,0.271937446,177965.2724,643567.9311
0.230769231,0.495475113,0.273755656,246206.7053,706375.8216
0.057441253,0.406005222,0.536553525,198513.9132,642031.0894
0.217336683,0.445979899,0.336683417,173692.2097,637678.7407
0.177777778,0.464367816,0.357854406,193054.0853,671091.9566
0.173302108,0.487119438,0.339578454,204786.104,631243.7135
0.180084746,0.492584746,0.327330508,252664.4816,772251.7787
0.244295302,0.465771812,0.289932886,185357.1261,640720.5462
0.194968553,0.486373166,0.318658281,191979.3488,652283.0239
0.189364462,0.495460441,0.315175097,192970.3927,637423.7721
0.231552163,0.41475827,0.353689567,162695.3331,589541.1219
0.25660793,0.505506608,0.237885463,205802.5761,422945.2318
0.476190476,0.416666667,0.107142857,200633.9674,712933.5238
0.252148997,0.478510029,0.269340974,192809.1103,667311.5977
0.178372352,0.441471572,0.380156076,194379.4128,665508.7489
0.267015707,0.437172775,0.295811518,190951.9081,699717.6063
0.222429907,0.480373832,0.297196262,177987.8061,608104.4797
0.269607675,0.461231647,0.269160678,223062.4398,731638.8091
0.21875,0.469907407,0.311342593,187768.2525,698508.835
0.213880126,0.47444795,0.311671924,194130.978,686706.3884
0.5,0.5,0,210496.2916,735330.0298
0.264808362,0.484320557,0.25087108,180131.4644,531281.6972
1,0,0,209155.4018,631742.6071
0.17087156,0.47706422,0.35206422,180271.3863,628336.3364
0.256329114,0.386075949,0.357594937,208457.9668,739474.0455
0.457627119,0.305084746,0.237288136,209586.7725,738632.3343
0.179104478,0.515603799,0.305291723,217380.3866,772688.8264
0.285714286,0.714285714,0,191951.1724,694271.765
0.1125,0.500152439,0.387347561,238269.3821,731590.309
0.197044335,0.492610837,0.310344828,143015.1847,573153.1121
0.206513106,0.489277204,0.30420969,223947.6479,752296.3796
0.176470588,0.481045752,0.34248366,195117.6713,619794.8492
0.651162791,0.348837209,0,201749.1151,706217.0889
0.097481457,0.396446328,0.506072215,209864.6531,739656.0104
1,0,0,197154.2478,710203.3007
0.1875,0.5625,0.25,189040.6101,574593.8317
0.05134189,0.384772462,0.563885648,182384.3088,567415.3741
0.173913043,0.452173913,0.373913043,216032.3397,741429.3291
0.122109736,0.526309211,0.351581052,213605.9871,737897.1052
0.535714286,0.25,0.214285714,227372.181,748920.1721
0.103902686,0.447034972,0.449062342,176003.5924,590746.6739
0.065454545,0.432727273,0.501818182,184816.3247,578866.3358
0.089108911,0.504950495,0.405940594,199453.769,580314.3896
0.049950836,0.408849558,0.541199607,191714.5304,565882.3972
0.097789489,0.536671058,0.365539452,255953.3204,763666.7383
0.040398239,0.384932031,0.57466973,191841.5905,561236.7545
0.047173084,0.400277489,0.552549428,210963.0934,578239.5299
0.049544546,0.379249056,0.571206399,206977.0073,565472.1393
0.147058824,0.392156863,0.460784314,193819.0481,576813.6923
0.046899841,0.349761526,0.603338633,182470.0234,563993.9105
0.024105754,0.341368585,0.634525661,202565.6438,581389.0918
0.091384115,0.511611705,0.39700418,221258.3241,735858.6397
0.097382733,0.506118287,0.39649898,219398.9301,738650.472
0.135802469,0.518518519,0.345679012,215131.4965,740488.737
0.075931232,0.484240688,0.43982808,214763.9237,741912.4215
0.120905301,0.556283502,0.322811197,246177.5189,748372.4666
0.097738877,0.509117433,0.393143691,218310.8303,734569.2807
0.106025222,0.511443251,0.382531527,228688.0251,742751.5633
0.105472242,0.513059887,0.381467872,221189.7767,742698.3405
0.279487376,0.46235899,0.258153634,213484.9019,633641.3781
0.268027721,0.467831055,0.264141225,192736.1735,712855.8218
0.233333333,0.467901235,0.298765432,187444.7783,681587.1723
0.206752086,0.49691024,0.296337674,161853.6833,603953.7757
0.194160755,0.467100647,0.338738598,175960.9805,626640.5975
0.046712803,0.467128028,0.48615917,209964.2474,569452.6981
0.132075472,0.54245283,0.325471698,194284.1836,634725.9559
0.120879121,0.494505495,0.384615385,197010.3373,686043.03
0.189759036,0.493975904,0.31626506,229675.6011,776737.2711
0.180048662,0.457420925,0.362530414,145868.5112,571971.7196
0.309139785,0.376344086,0.314516129,237469.196,756679.9253
0.130012664,0.485014774,0.384972562,192479.2893,644002.6818
0.237012987,0.487012987,0.275974026,145622.3068,570978.3821
0.315436242,0.469798658,0.214765101,205626.9404,431196.2207
0.156862745,0.450980392,0.392156863,223416.8501,523078.9795
0.043873069,0.41193308,0.544193851,186825.9903,573009.0864
0.137931034,0.517241379,0.344827586,214530.0877,631690.1429
0.430555556,0.444444444,0.125,234728.6087,562362.0813
0.296,0.494,0.21,144651.7257,571168.0517
0.048798627,0.42110984,0.530091533,207852.4622,572828.5837
0.052137091,0.431123462,0.516739447,187117.3596,581400.3412
0.319406665,0.462554549,0.218038786,230795.1149,734451.6386
0.26025615,0.477292133,0.262451718,226247.7155,768737.2069
0.18776824,0.479613734,0.332618026,242366.1175,760380.0567
0.134932534,0.407796102,0.457271364,157555.8365,595285.0523
0.312764271,0.454809725,0.232426004,177411.3946,633029.8046
0.216432866,0.498997996,0.284569138,238607.7661,773207.0525
0.270788913,0.496801706,0.232409382,219889.9808,776068.6839
0.158054711,0.48733536,0.354609929,224579.6297,714808.4711
0.163128492,0.45698324,0.379888268,201599.7238,621035.0598
0.160574413,0.437336815,0.402088773,200673.244,620074.6088
0.207156309,0.442561205,0.350282486,171776.9791,634693.6996
0.189655172,0.568965517,0.24137931,193266.2679,678680.5027
0.203821656,0.464968153,0.331210191,188629.9261,696019.4889
0.196796339,0.505720824,0.297482838,194680.3101,618688.8831
0.147604328,0.552550232,0.29984544,167133.5863,595465.5403
0.248062016,0.483204134,0.26873385,227716.5102,775372.8969
0.127795527,0.530990415,0.341214058,161867.074,589545.9342
0.095152603,0.463195691,0.441651706,156372.9371,593715.3239
0.282442748,0.400763359,0.316793893,193301.5944,651895.5114
0.11682243,0.546728972,0.336448598,131804.5046,571062.851
0.031055901,0.462732919,0.50621118,173754.9325,636403.0425
0.147142857,0.444285714,0.408571429,155793.1549,593629.6911
0.187702265,0.447526583,0.364771151,172421.8854,622839.0791
0.298319328,0.382352941,0.319327731,186873.6578,696385.9171
0.222527473,0.464285714,0.313186813,186291.3136,642956.8267
0.235616438,0.495890411,0.268493151,251671.2427,735870.4747
0.211072664,0.489273356,0.299653979,250469.9755,739117.4102
0.209775967,0.50712831,0.283095723,223021.6043,718784.9429
0.096830986,0.51056338,0.392605634,225077.755,717051.6457
0.121580547,0.475177305,0.403242148,225813.3294,749112.0867
0.130383034,0.483445142,0.386171824,209163.0798,624797.5732
0.184043518,0.552130553,0.263825929,193870.7149,620536.8108
0.156822811,0.50305499,0.3401222,244368.9927,777107.7224
0.1875,0.59375,0.21875,229184.0159,717562.8979
0.119235096,0.497187852,0.383577053,199546.0036,618646.7735
0.279863481,0.453924915,0.266211604,236016.9666,538164.8978
0.235981308,0.434579439,0.329439252,256683.5541,757451.5014
0.273255814,0.468023256,0.25872093,196090.4628,388091.1479
0.088033012,0.404401651,0.507565337,239631.9882,709199.6785
0.202970297,0.440594059,0.356435644,214182.9227,712142.8184
0.3,0.4675,0.2325,206083.3875,427809.8487
0.255172414,0.493103448,0.251724138,227250.5395,778189.2601
0.195041322,0.500826446,0.304132231,263514.8169,793978.8138
0.170967742,0.525806452,0.303225806,179330.7437,619151.7184
0.149501661,0.491694352,0.358803987,208625.5878,635132.4201
0.183946488,0.568561873,0.247491639,145003.3106,572104.4913
0.087864823,0.425038402,0.487096774,209472.8573,634428.7107
0.204342273,0.496807152,0.298850575,223132.015,753695.4416
0.311322857,0.460492589,0.228184554,227276.1034,757321.7084
0.16027088,0.501128668,0.338600451,179015.7949,529236.6874
0.248120301,0.469924812,0.281954887,198900.4705,648989.5789
0.073059361,0.474885845,0.452054795,211664.4234,763444.4098
0.137996219,0.45557656,0.406427221,175650.919,617825.29
0.213333333,0.443809524,0.342857143,153766.5455,595736.3453
0.258928571,0.452380952,0.288690476,230527.5555,774382.9233
0.234042553,0.468085106,0.29787234,201384.9717,683035.195
0.226779252,0.523522316,0.249698432,168894.1479,627266.3763
0.224532225,0.48024948,0.295218295,217144.4824,496654.8394
0.237735849,0.456603774,0.305660377,214544.5785,475180.6165
0.125,0.508012821,0.366987179,171812.9899,541653.5241
0.293650794,0.69047619,0.015873016,223680.7922,761178.5986
0.083333333,0.833333333,0.083333333,239065.9006,704926.2389
0.180882353,0.451470588,0.367647059,229195.1705,713941.2091
0.193333333,0.58,0.226666667,201903.9315,415937.0769
0.626213592,0.296116505,0.077669903,178185.9856,627980.6668
0.259136213,0.49833887,0.242524917,212232.2364,443859.6759
0.173228346,0.508436445,0.318335208,223461.0237,750398.741
0.047813816,0.443681422,0.508504762,176773.2174,588617.2577
0.055424528,0.392688679,0.551886792,231235.3897,743124.6588
0.203781513,0.478991597,0.317226891,237049.4594,758583.2829
0.169536424,0.466225166,0.364238411,201953.607,647253.8967
0.287272727,0.4,0.312727273,203485.0133,646362.7687
0.303327114,0.451958955,0.24471393,192079.4112,711223.4433
0.041958042,0.386260798,0.57178116,198021.8974,555751.3266
0.126865672,0.490049751,0.383084577,233746.1611,754200.1218
0.24009901,0.492574257,0.267326733,223348.2452,759429.4112
0.367088608,0.436708861,0.196202532,225179.7675,762887.6458
0.196825397,0.483597884,0.31957672,222584.1315,750887.0138
0.158798283,0.487124464,0.354077253,228644.5603,523934.6595
0.146718147,0.482625483,0.370656371,217900.1965,501948.5934
0.047120419,0.502617801,0.45026178,178163.7989,544721.2849
0.100545124,0.477892187,0.421562689,222206.8577,748011.9422
0.185145318,0.485468245,0.329386437,223991.4881,749838.3512
0.292035398,0.483775811,0.224188791,231309.7059,755006.2448
0.181954887,0.507518797,0.310526316,217064.1923,759066.8592
0.201530612,0.483843537,0.31462585,220885.5405,740390.0153
0.131793478,0.483695652,0.38451087,219000.2099,765057.6014
0.226600985,0.532019704,0.24137931,233773.1846,771747.4715
0.053333333,0.5,0.446666667,222387.6923,759767.2064
0.142988506,0.468045977,0.388965517,227689.7628,740391.5973
0.13559322,0.440677966,0.423728814,223416.1052,524407.8001
0.068965517,0.471264368,0.459770115,228445.3347,754563.0022
0.122282609,0.446557971,0.43115942,236512.4582,745444.571
0.053024027,0.434962717,0.512013256,242250.3515,766982.3517
0.040811775,0.418599465,0.54058876,202125.9701,562695.9301
0.040540541,0.779279279,0.18018018,144725.3668,532939.6121
0.271551724,0.49137931,0.237068966,202361.647,440086.7042
0.06557377,0.43793911,0.496487119,192160.6944,582396.2046
0.21522694,0.500732064,0.284040996,216577.3761,743131.3463
0.159058353,0.485285443,0.355656204,200207.991,645701.6199
0.17,0.49125,0.33875,233919.2914,757072.5122
0.186311787,0.482889734,0.330798479,231190.8512,756842.7017
0.182468694,0.429338104,0.388193202,234591.7872,750076.4778
0.203517588,0.52680067,0.269681742,222412.2221,756538.2294
0.16498994,0.531187123,0.303822938,218718.3369,771460.5852
0.272727273,0.43006993,0.297202797,223746.4185,763574.7692
0.112792297,0.473177442,0.414030261,227162.3729,760839.5565
0.209653092,0.50678733,0.283559578,223176.2251,771237.6217
0.220183486,0.467889908,0.311926606,231024.0056,762432.8017
0.24691358,0.471193416,0.281893004,248051.6591,755280.4365
0.152985075,0.52238806,0.324626866,244714.4611,756023.9226
0.487179487,0.41025641,0.102564103,249391.6016,767009.1642
0.059760956,0.533864542,0.406374502,239300.0781,770057.1364
0.110599078,0.458525346,0.430875576,239898.3663,752524.2346
0.264705882,0.549019608,0.18627451,223674.6198,773860.1926
0.221014493,0.496376812,0.282608696,227180.9847,771470.6024
0.20040282,0.515609265,0.283987915,223824.5197,756358.6496
0.145205479,0.494977169,0.359817352,218868.8633,749362.4912
0.142857143,0.510582011,0.346560847,136855.0982,569226.8719
0.262002743,0.489613953,0.248383304,199705.9047,680886.786
0.051282051,0.666666667,0.282051282,243681.003,750680.1164
0.237323944,0.453521127,0.30915493,225637.8771,753700.2674
0.124535316,0.492565056,0.382899628,135777.5594,568690.3477
0.158614403,0.519598906,0.321786691,225087.4714,751092.2403
0.189781022,0.47810219,0.332116788,242831.6664,753333.0253
0.191176471,0.49789916,0.31092437,246707.8047,752177.8273
0.195219124,0.450199203,0.354581673,138601.0582,570478.109
0.16056338,0.416901408,0.422535211,135115.8494,566749.2012
0.147540984,0.503512881,0.348946136,193904.3916,602409.3011
0.053763441,0.423149905,0.523086654,215905.3687,571855.1474
0.18245614,0.505263158,0.312280702,224568.2678,755368.3765
0.291943128,0.477725118,0.230331754,198751.9588,672576.5708
0.25136612,0.464480874,0.284153005,139207.8687,567604.7526
0.211711712,0.617117117,0.171171171,137293.1794,572051.7217
0.139896373,0.559585492,0.300518135,135725.7349,571304.8065
0.140809444,0.469645868,0.389544688,147050.9316,576904.7433
0.215938303,0.460154242,0.323907455,137803.359,567354.1958
0.167155425,0.488758553,0.344086022,156403.1497,608735.6535
0.194488946,0.509131689,0.296379366,209954.4536,710458.5894
0.338624339,0.439814815,0.221560847,221403.7194,734234.0289
0.084650113,0.521444695,0.393905192,233968.7219,755712.5602
0.126964173,0.517284727,0.3557511,221364.7083,777066.7245
0.068461088,0.461966062,0.46957285,204614.7954,707440.617
0.111111111,0.55,0.338888889,200826.6221,411789.5849
0.156146179,0.523255814,0.320598007,216609.1305,741033.3374
0.210784314,0.490196078,0.299019608,235153.1078,539338.0268
0.338823529,0.470588235,0.190588235,251894.8506,757204.5333
0.291316527,0.450980392,0.257703081,253965.0714,756630.4011
0.24501992,0.490039841,0.264940239,206516.6032,637706.8336
0.143459916,0.58649789,0.270042194,208213.3386,433106.2029
0.255514706,0.507352941,0.237132353,215046.0787,763967.1973
0.101052632,0.449473684,0.449473684,223157.6091,743314.4331
0.201923077,0.53125,0.266826923,239956.7998,749880.3837
0.232638889,0.517361111,0.25,198045.8998,636160.9705
0.008319468,0.351081531,0.640599002,170320.3077,551505.9414
0.111702128,0.462765957,0.425531915,209681.086,583602.2967
0.085106383,0.465045593,0.449848024,215982.1085,488713.4317
0.276838886,0.466924191,0.256236923,225354.2814,766749.5193
0.319216517,0.425622022,0.255161461,192556.2287,639483.849
0.0592686,0.346784363,0.593947037,189008.4563,593353.9253
0.155844156,0.597402597,0.246753247,199743.9026,424020.7733
0,1,0,201348.0666,454210.3747
0.175936544,0.478306575,0.345756881,194103.0781,581797.2479
0.24295141,0.480353929,0.276694661,182192.4624,586529.4624
0.139534884,0.526578073,0.333887043,229503.8102,761706.7258
0.173853525,0.536618754,0.289527721,231645.8013,714817.1522
0.082840237,0.522682446,0.394477318,233228.8983,749154.1198
0,0.682242991,0.317757009,228861.0902,753539.9423
0.030612245,0.428571429,0.540816327,143323.7477,538139.9091
0.127272727,0.618181818,0.254545455,203329.2354,438788.9524
0.13125,0.503125,0.365625,142315.3368,534951.3002
0.047619048,0.427248677,0.525132275,239895.4916,706554.4712
0.157170923,0.481335953,0.361493124,246872.8444,705367.6252
0.204001429,0.498035013,0.297963558,213996.7406,740501.7712
0.253968254,0.541446208,0.204585538,257203.2334,759528.9144
0.047388511,0.42482078,0.527790709,184634.6097,567181.8731
0.183783784,0.463063063,0.353153153,206639.3778,584908.4264
0.271778584,0.459618875,0.268602541,223273.8317,736324.2186
0.130369357,0.506703146,0.362927497,203677.2981,696698.8723
0.047413793,0.560344828,0.392241379,145574.4023,535788.9769
0.124379534,0.546487209,0.329133257,213374.6999,759652.9886
0.228350046,0.516408387,0.255241568,241353.0564,742259.484
0.049019608,0.370915033,0.580065359,242033.8697,767876.6403
0.11331949,0.545832097,0.340848413,223183.5852,765572.9331
0.093012704,0.529945554,0.377041742,228628.6452,763251.881
0.147395172,0.49682338,0.355781449,239700.3046,758031.1429
0.041895919,0.401937185,0.556166896,193769.4725,578599.6967
0.181934892,0.519761577,0.29830353,194983.8805,656155.4612
0.038455125,0.372483221,0.589061653,196084.9638,661964.4267
0.178994687,0.550469963,0.270535349,203184.4365,647168.4964
0.268608414,0.508090615,0.223300971,136239.8541,567408.9103
0.224456959,0.4923572,0.283185841,251524.0275,737394.2123
0.103729604,0.505827506,0.39044289,217323.0206,770268.3841
0.153158189,0.539128004,0.307713807,197818.1,673857.2968
0.123076923,0.528205128,0.348717949,212010.769,711558.1461
0.106177606,0.492277992,0.401544402,221589.0551,746761.7598
0.130983693,0.556724531,0.312291776,201472.4294,693309.2337
0.098305085,0.53220339,0.369491525,200271.8722,733024.1581
0.042253521,0.366197183,0.591549296,241097.5159,743768.2291
0.171662125,0.501362398,0.326975477,161742.0836,617250.0037
0.228571429,0.502857143,0.268571429,182854.0355,680078.242
0,0.387755102,0.612244898,192996.3316,614385.4086
0.095465394,0.503855333,0.400679273,209002.2049,708738.6726
0.10903836,0.5202969,0.37066474,214550.3453,716794.9395
0.076923077,0.487179487,0.435897436,205727.6817,583939.126
0.149940968,0.50334514,0.346713892,231928.6643,727713.0384
0.101639344,0.539672131,0.358688525,232327.4447,757077.769
0.080856124,0.541022592,0.378121284,229986.5556,756293.5968
0.162379421,0.512861736,0.324758842,198833.3662,641487.6319
0.083743842,0.556650246,0.359605911,235149.0484,757697.692
0.047204969,0.552795031,0.4,227512.5439,754791.9606
0.086102719,0.472809668,0.441087613,178958.3484,648435.5254
0.097175141,0.565725047,0.337099812,223411.8597,737611.6094
0.178571429,0.479591837,0.341836735,243691.1086,767906.742
0.167741935,0.406451613,0.425806452,180948.2126,625628.3852
0.00965251,0.341698842,0.648648649,183551.3184,533087.8005
0.036608863,0.490366089,0.473025048,196438.86,561046.9249
0.071782178,0.466584158,0.461633663,207194.4932,577463.1348
0.036409822,0.445385267,0.518204911,177027.1579,585037.3449
0.082908975,0.460693826,0.456397199,199951.8864,683024.8486
0.050495942,0.460775473,0.488728584,175124.1412,583710.3586
0.045859873,0.461146497,0.492993631,198334.1096,554232.4206
0.051067073,0.418064024,0.530868902,172405.7835,548447.836
0.055045872,0.499490316,0.445463812,207251.4416,578754.1578
0.046381244,0.439347604,0.514271152,188982.2774,575675.3961
0.047737136,0.463732176,0.488530688,191783.2494,577062.6102
0.04,0.447222222,0.512777778,197407.9101,573793.6389
0.440071556,0.330948122,0.228980322,188158.355,696318.1596
0.021683673,0.346938776,0.631377551,134582.3515,561600.1315
0,0.345794393,0.654205607,133694.3416,564569.4672
0.010351967,0.387163561,0.602484472,193712.8384,604347.1121
0.020689655,0.325287356,0.654022989,136120.5022,563726.8346
0.097387173,0.48456057,0.418052257,204913.9784,577443.112
0.046968403,0.366353544,0.586678053,192221.8808,602946.4101
0.008389262,0.347315436,0.644295302,192981.6614,598289.4233
0.001706485,0.341296928,0.656996587,206715.2074,707479.778
0.109090909,0.3625,0.528409091,180440.1643,632907.9784
0.118609407,0.388548057,0.492842536,187094.6066,636530.01
0,0.846153846,0.153846154,174682.8823,527022.6061
0.046090109,0.408078716,0.545831176,193812.4781,565910.4169
0.149655172,0.417241379,0.433103448,163035.7324,623198.785
0.126914661,0.565645514,0.307439825,165290.3242,627062.406
0.242957746,0.470657277,0.286384977,196715.0403,690384.3865
0.185641026,0.481025641,0.333333333,198210.4051,705889.5469
0.231884058,0.463768116,0.304347826,176599.6225,634524.1257
0.201801802,0.502702703,0.295495495,199736.2936,701226.8891
0.228855721,0.469320066,0.301824212,256105.4563,794433.1809
0.18865598,0.45622688,0.355117139,195094.0668,640966.8387
0.179229481,0.497487437,0.323283082,179396.8506,627840.0665
0.264367816,0.469622332,0.266009852,174987.5692,627855.9726
0.20412844,0.462155963,0.333715596,192721.6745,651052.7563
0.174291939,0.461873638,0.363834423,161102.8131,589565.0151
0.182247403,0.490084986,0.327667611,194935.3925,674125.9933
0.14987715,0.457002457,0.393120393,244594.1842,706018.624
0.281449893,0.42217484,0.296375267,193934.3928,700646.1951
0.222222222,0.529411765,0.248366013,171184.218,581629.1015
0.24437299,0.469453376,0.286173633,187593.4328,587518.3084
0.113756614,0.496472663,0.389770723,205802.4233,708202.8773
0.22195122,0.46097561,0.317073171,253269.7036,718999.6918
0.18623962,0.473309609,0.340450771,215200.8495,722308.717
0.179321486,0.49273021,0.327948304,178808.2192,618320.9211
0.097744361,0.374865736,0.527389903,182271.4147,633313.9183
0.217664093,0.455598456,0.326737452,251316.8213,765400.7463
0.230593607,0.442922374,0.326484018,191228.0634,671895.7793
0.128808124,0.460181721,0.411010155,194993.1414,658041.4125
0.285714286,0.357142857,0.357142857,209898.7918,635390.1726
0.298187809,0.514003295,0.187808896,237499.5323,596614.0381
0.137596899,0.445736434,0.416666667,202076.8484,695244.964
0.229007634,0.432569975,0.338422392,161496.0808,588902.2586
0.170439414,0.460719041,0.368841545,180611.5876,618566.0932
0.186544343,0.460244648,0.353211009,179166.8519,619897.6325
0.235897436,0.473504274,0.290598291,164974.817,598529.7013
0.137085137,0.467532468,0.395382395,166452.5688,597677.4653
0.139240506,0.462728551,0.398030942,172644.8735,595431.7075
0.20610687,0.450381679,0.34351145,166366.0923,594141.7019
0.233443709,0.470198675,0.296357616,174794.0341,617551.2006
0.224561404,0.449122807,0.326315789,228853.1598,718138.6966
0.236009732,0.479318735,0.284671533,229409.5193,716851.3978
0.203809524,0.502857143,0.293333333,228472.6214,716826.9286
0.134442134,0.483021483,0.382536383,200749.8622,703379.2045
0.218934911,0.493096647,0.287968442,245932.8699,705033.4014
0.186170213,0.480496454,0.333333333,170859.4419,594365.3916
0.129562044,0.452554745,0.417883212,164983.0857,586666.9327
0.121165644,0.48006135,0.398773006,164500.9471,587549.3242
0.213075061,0.481840194,0.305084746,166116.9473,586767.4016
0.296791444,0.478609626,0.22459893,248808.3932,776367.0884
0.16043956,0.476923077,0.362637363,164327.6096,596423.77
0.270702043,0.471962429,0.257335528,197358.8695,741270.2953
0.240473229,0.483739115,0.275787656,202602.1187,553029.9717
0.313901592,0.443054714,0.243043694,212129.6086,735221.4453
0.24418357,0.474657935,0.281158494,186588.3236,659471.3286
0.306052788,0.477158166,0.216789045,204344.9586,741703.4878
0.133018796,0.476143368,0.390837836,184930.6173,649631.406
0.171137419,0.474898846,0.353963734,179217.7094,635457.1174
0.272251813,0.439934544,0.287813643,220151.0134,573794.5091
0.22581983,0.547708623,0.226471547,193982.2397,384601.1613
0.084782659,0.405044499,0.510172842,199782.6636,624450.9704
0.251160093,0.445258121,0.303581787,186798.4471,662934.9997
0.233244361,0.455942189,0.31081345,177362.0581,613281.6054
0.18166119,0.499731742,0.318607069,196550.4375,666814.9584
0.297861586,0.429860031,0.272278383,184507.9311,671981.2669
0.20642482,0.469524856,0.324050324,175078.9669,643145.1924
0.100476343,0.512370694,0.387152963,214214.9183,714102.0366
0.145139172,0.528890701,0.325970127,196099.0598,682303.3879
0.12357393,0.507059754,0.369366317,200706.3096,685368.4038
0.055555556,0.944444444,0,202950.0737,572215.7431
0.265153691,0.482373702,0.252472606,253643.3399,790131.3797
0.178455555,0.443413837,0.378130608,220183.7413,632033.9331
0.104316547,0.413669065,0.482014388,208878.6616,604219.3859
0.132009346,0.417056075,0.450934579,211013.1463,617427.971
0.23943662,0.478873239,0.281690141,242214.3726,655052.6935
0.09148265,0.545741325,0.362776025,243794.4597,632584.7537
0.130903065,0.404722452,0.464374482,214809.353,680010.4984
0.25,0.457386364,0.292613636,241635.7827,658397.6561
0.202189967,0.429844665,0.367965368,203626.1607,668496.8796
0.076555024,0.531100478,0.392344498,213673.3605,616320.1022
0.087080657,0.410896978,0.502022365,221818.1745,617856.6354
0.072511266,0.408029496,0.519459238,233186.5759,651983.4987
0.144927536,0.524374177,0.330698287,232336.9583,649013.6058
0.173913043,0.438735178,0.387351779,244908.415,663354.6941
0.098187311,0.446374622,0.455438066,204892.8247,683206.7476
0.118902439,0.487804878,0.393292683,213051.7478,708250.1455
0.113821138,0.453252033,0.432926829,216734.0466,702910.4631
0.251842452,0.490946361,0.257211186,216862.7944,668104.2558
0.128449096,0.395813511,0.475737393,217644.0259,685536.4023
0.070229008,0.388549618,0.541221374,223741.0675,669571.081
0.15146709,0.433782712,0.414750198,211999.0697,657012.6686
0.111809461,0.440291102,0.447899438,221031.4195,649824.0908
0.114855571,0.436038514,0.449105915,211796.9519,642990.9084
0.090798046,0.424267101,0.484934853,237414.1736,635901.2904
0.098250336,0.411843876,0.489905787,250549.0991,694734.4206
0.09038055,0.389006342,0.520613108,231575.977,682121.5683
0.303030303,0.484848485,0.212121212,249396.9276,675501.5126
0.125596184,0.395866455,0.478537361,248751.7649,696876.368
0.197777778,0.506666667,0.295555556,244328.8477,628681.8656
0.051383399,0.411067194,0.537549407,211834.3218,619443.9789
0.140329469,0.466748017,0.392922514,215781.6617,625752.3305
0.139824512,0.477780923,0.382394566,211820.98,618294.4281
0.216814159,0.438053097,0.345132743,246471.0591,668863.6882
0.278688525,0.540983607,0.180327869,242221.2234,656274.3026
0.086651054,0.416861827,0.496487119,240295.442,650516.4757
0.233621755,0.466625464,0.299752781,238396.7005,664090.2095
0.244680851,0.473404255,0.281914894,241439.0601,678534.9004
0.175675676,0.599099099,0.225225225,238191.0919,608453.4755
0.167283037,0.435527613,0.397189349,211492.7251,605570.9667
0.206422018,0.431192661,0.362385321,242840.4718,683363.7816
0.074954296,0.367458867,0.557586837,237687.3368,667649.2883
0.21319797,0.456852792,0.329949239,240073.3367,674594.0104
0.226361032,0.455587393,0.318051576,241960.1092,661284.0865
0.192239645,0.489566419,0.318193936,229773.99,632377.0976
0.108474576,0.465639445,0.425885978,224849.5931,651201.1764
0.085984848,0.457575758,0.456439394,213663.3602,618565.2234
0.287356322,0.454022989,0.25862069,245780.9254,683881.534
0.085714286,0.6,0.314285714,243199.5673,652721.1725
0.145601618,0.446916077,0.407482305,206806.6529,674634.7989
0.086631486,0.463060686,0.450307828,231266.7292,636989.6376
0.132625995,0.477453581,0.389920424,241380.2976,637089.1118
0.175348238,0.449022592,0.37562917,209242.4882,675419.0131
0.056414923,0.377616015,0.565969063,228272.1231,662232.9145
0.081117928,0.449216087,0.469665985,216423.2112,709612.2974
0.241564417,0.531441718,0.226993865,215126.8761,639483.3858
0.009771987,0.482084691,0.508143322,245339.9998,635094.413
0,0.428571429,0.571428571,249813.7873,684218.8877
0.067740603,0.422139612,0.510119785,210863.4807,672838.9398
0.110367893,0.416945373,0.472686734,203398.1835,648522.1564
0.129724208,0.468845761,0.401430031,216102.2525,708862.632
0.14419237,0.451440224,0.404367406,214198.2615,617813.0605
0.069023569,0.442760943,0.488215488,229073.2131,642943.5432
0.152930403,0.502564103,0.344505495,204700.4326,660662.895
0.061643836,0.389041096,0.549315068,221870.2181,611566.1736
0.157192289,0.508650519,0.334157192,210353.9546,668281.7129
0.117872807,0.480811404,0.401315789,204670.3799,652422.8419
0.083011583,0.416988417,0.5,217490.2233,593114.1151
0.048513302,0.406885759,0.544600939,215258.5008,590797.3635
0.064705882,0.361764706,0.573529412,216812.0796,656357.3599
0.077409932,0.398247322,0.524342746,221431.2209,645067.419
0.105056569,0.399676749,0.495266682,213321.4077,674242.1824
0.044298921,0.373266564,0.582434515,203417.9019,639691.1859
0.044511505,0.3738212,0.581667295,225203.214,677708.0361
0.113636364,0.398760331,0.487603306,212192.4482,688034.2618
0.223880597,0.492537313,0.28358209,244235.495,646076.62
0.131949096,0.506363027,0.361687877,227941.7743,637490.8643
0.256505576,0.475836431,0.267657993,211398.0114,703300.8062
0.050955414,0.397027601,0.552016985,202989.1479,608048.412
0.169491525,0.475918778,0.354589696,202608.7152,669840.1047
0.071186441,0.522033898,0.406779661,190972.9045,588834.7251
0.041322314,0.392561983,0.566115702,215758.3467,599297.8966
0.005291005,0.349206349,0.645502646,198440.4903,600118.5233
0.099589705,0.465497949,0.434912346,213628.1067,620660.371
0.074801309,0.461430575,0.463768116,223135.0112,616970.6377
0.029054254,0.390750074,0.580195672,206520.6612,664003.8232
0.148838162,0.436278022,0.414883816,215340.4011,641077.3407
0.091954023,0.425287356,0.482758621,195882.7474,586986.9933
0.003338898,0.351419032,0.64524207,208401.0232,665195.683
0.122262774,0.437956204,0.439781022,210723.1563,585794.0314
0.04415011,0.399558499,0.556291391,210759.1444,669282.0593
0.091736695,0.463585434,0.444677871,212712.0016,648164.9365
0.056321839,0.45862069,0.485057471,202893.3869,594147.3429
0.020289855,0.35884058,0.620869565,222546.479,675004.5358
0.178609248,0.493587481,0.327803271,201590.9217,675174.4031
0.068796069,0.484029484,0.447174447,232468.095,666331.5632
0.10298103,0.455284553,0.441734417,222847.7176,662402.2752
0.045402951,0.370034052,0.584562997,217850.1939,610365.6928
0.070093458,0.443146417,0.486760125,210847.7847,588834.3883
0.083160083,0.426195426,0.490644491,201740.3036,606714.2873
0.16872127,0.487358964,0.343919766,199249.9915,670803.9194
0.060435133,0.39081386,0.548751007,229184.8538,675639.3656
0.10021097,0.453762307,0.446026723,226211.4812,639676.0742
0.04822695,0.407092199,0.544680851,207652.3068,600092.515
0.060711793,0.434287043,0.505001163,224803.7889,663960.7411
0.053679654,0.40952381,0.536796537,209558.7204,612930.6711
0.053619303,0.380697051,0.565683646,213378.9682,653430.4598
0.048954373,0.433460076,0.517585551,205040.705,663186.7149
0.193570451,0.489056088,0.317373461,212355.4034,637107.2184
0.198649064,0.505987105,0.295363832,202370.0876,648708.4392
0,0.380333952,0.619666048,190800.3774,585723.6602
0.087366694,0.44585726,0.466776046,204599.8116,669638.3216
0.053129469,0.400175998,0.546694533,223094.7844,643251.6746
0.028685051,0.3725634,0.598751548,210802.9693,622871.3749
0.096753247,0.528571429,0.374675325,229493.0915,629041.3832
0,0.373333333,0.626666667,249000.3635,693700.0881
0.058375635,0.473350254,0.468274112,201204.3725,588431.7242
0,0.317829457,0.682170543,247498.4906,691639.3467
0,0.385542169,0.614457831,241534.9017,620749.9602
0.107455013,0.471465296,0.421079692,205819.9108,652001.3701
0.014727541,0.403324216,0.581948243,213329.1925,649256.2134
0.140091116,0.429384966,0.430523918,209854.1895,673564.461
0.095044679,0.482534525,0.422420796,201125.8342,678165.5199
0.039979757,0.484311741,0.475708502,206992.133,688057.5689
0.078562728,0.442143727,0.479293544,209552.6326,618491.6271
0.014296188,0.390395894,0.595307918,212215.0499,669497.457
0.08213141,0.541666667,0.376201923,203609.6653,647450.997
0.020069168,0.341254454,0.638676378,204437.4911,648815.6846
0.006016847,0.36101083,0.632972323,224367.6897,667625.6145
0.334940535,0.449083802,0.215975663,198947.2387,744928.038
0.135458764,0.544080228,0.320461009,273129.8703,789557.639
0.173076923,0.459401709,0.367521368,269201.9334,745761.4822
0.239316239,0.476495726,0.284188034,272350.3253,787208.6914
0.232954545,0.505681818,0.261363636,262428.896,740913.3783
0.092824226,0.430546412,0.476629361,274600.7049,750229.2603
0.122762148,0.400255754,0.476982097,276066.7334,764892.442
0.088626292,0.440177253,0.471196455,274574.2819,760335.4447
0.170357751,0.487223169,0.34241908,264355.4255,754912.6538
0.222570533,0.438871473,0.338557994,267460.9753,780075.0962
0.232044199,0.436464088,0.331491713,270329.0868,788776.5343
0.102464332,0.405966278,0.49156939,272057.1639,747902.0443
0.182758621,0.568965517,0.248275862,269577.4476,762675.9902
0.129120879,0.549450549,0.321428571,271481.9442,776744.0033
0.03960396,0.433663366,0.526732673,270653.6588,751177.5768
0.247252747,0.46389325,0.288854003,264891.2605,744943.4363
0.059225513,0.428246014,0.512528474,278701.2379,772040.9491
0.022522523,0.527027027,0.45045045,269362.8127,741684.8387
0.206506365,0.454031117,0.339462518,264144.941,744973.1065
0.172955975,0.528301887,0.298742138,267329.1705,747316.2542
0.146706587,0.5,0.353293413,264456.0922,781996.7666
0.181338028,0.496478873,0.322183099,265689.3042,770409.7506
0.169142857,0.542857143,0.288,259922.0134,759989.1864
0.093555094,0.559251559,0.347193347,265952.8108,753090.6167
0.269997598,0.459404276,0.270598126,265389.4708,766057.7314
0.201722017,0.495694957,0.302583026,272810.5103,782099.228
0.143558713,0.549679909,0.306761379,272000.9949,796891.5243
0.132665527,0.521133643,0.346200831,270849.3837,793044.4879
0.243567753,0.463121784,0.293310463,261752.1711,738218.0347
0.255936675,0.448548813,0.295514512,266147.4963,742757.6682
0.29,0.455,0.255,269539.4885,796400.3579
0.124865447,0.400430571,0.474703983,273652.7232,748789.7763
0.082833583,0.534857571,0.382308846,258461.6232,797294.9593
0.131423757,0.533698399,0.334877843,268576.9893,793573.6516
0.178921569,0.482843137,0.338235294,274589.3336,777961.9906
0.183206107,0.445801527,0.370992366,265150.6084,743631.061
0.147368421,0.421052632,0.431578947,275974.2283,750125.59
0.212349398,0.44126506,0.346385542,261150.801,751054.9212
0.285218537,0.521592695,0.193188767,180489.6796,665757.436
0.116399102,0.511981768,0.371619131,204103.4231,702912.7022
0.132330697,0.39582523,0.471844073,184664.9222,666370.5283
0.366161187,0.442146809,0.191692004,176423.4831,657968.8081
0.279676031,0.490967477,0.229356492,182247.9274,664184.7933
0.318732431,0.453580411,0.227687158,184092.1638,675213.4927
0.265811571,0.466239119,0.267949311,191964.8863,705012.6646
0.302899021,0.450663016,0.246437962,179547.8525,657938.5887
0.247431071,0.461430461,0.291138468,249488.8046,743591.7782
0.282749594,0.461845363,0.255405043,210144.2812,745681.4784
0.290677512,0.446515301,0.262807186,192723.2892,676090.6946
0.221857075,0.454797909,0.323345015,189790.68,650979.2926
0.268956258,0.461978273,0.269065469,159183.2739,618811.6413
0.211606654,0.465948005,0.322445341,180734.4016,647841.026
0.172738801,0.521008608,0.306252591,227728.0189,734143.2878
0.300479644,0.442428703,0.257091652,186926.721,690287.2458
0.109209679,0.533014383,0.357775938,228479.8393,752272.2282
0.263461504,0.477341497,0.259196999,208329.246,758645.1294
0.258834157,0.465380732,0.275785111,227459.6876,724073.5691
0.2105867,0.465333393,0.324079906,197819.0115,708950.571
0.253228544,0.458640836,0.28813062,189330.9033,666948.3729
0.187252227,0.419270967,0.393476806,247792.468,764037.3763
0.329413219,0.447016662,0.223570119,208058.4158,749680.3738
0.28570529,0.479689584,0.234605127,180285.3817,652959.1938
0.244331785,0.45269183,0.302976385,182861.8575,644475.9211
0.216942656,0.470112034,0.31294531,188065.9515,648252.092
0.304862969,0.482444563,0.212692468,183799.2091,663693.3378
0.29095305,0.456969356,0.252077593,187849.7638,677143.1302
0.14552641,0.534698766,0.319774823,216417.3184,745668.617
0.120182792,0.523431133,0.356386075,218174.2477,751017.3587
0.27544531,0.465931193,0.258623497,179975.3102,573353.3219
0.293220796,0.465909091,0.240870113,209576.4694,768554.9245
0.213332679,0.48170313,0.304964191,247138.8652,711634.0844
0.223446328,0.463841808,0.312711864,196428.7174,719347.2143
0.262047056,0.463481379,0.274471565,189533.9203,659908.3691
0.322355267,0.451104172,0.226540561,209407.525,749073.2659
0.368447416,0.438029488,0.193523096,207045.023,750441.7036
0.233193988,0.469492515,0.297313497,189170.0528,672983.6101
0.174411897,0.478174476,0.347413627,195299.4524,713965.2371
