ped,year,x,y
0,2008,251056.6139,763501.3077
0,2008,185249.3083,639415.0948
0.166666667,2008,163796.0529,579871.3594
0,2008,194965.9749,733200.043
0.130952381,2008,167582.8805,635675.818
0,2008,192480.4567,684407.1162
0.04,2008,173197.8992,633415.377
0.1,2008,193789.3813,691409.4079
0.047619048,2008,189481.6015,686635.7491
0.037037037,2008,192057.2281,687138.921
0.428571429,2008,188390.2327,663143.6488
0.161290323,2008,210054.2295,729138.0086
0.209677419,2008,160457.8459,592170.0098
0.4,2008,183287.8371,677054.8301
0,2008,188437.1736,687179.7648
0.111111111,2008,183680.172,656296.0917
0.266666667,2008,183172.234,641066.4667
0.090909091,2008,210534.3263,634813.9596
0.25,2008,216186.6566,762891.9453
0.222222222,2008,230532.1016,731813.4439
0.072463768,2008,238961.93,754631.5461
0,2008,234847.6576,745917.4556
0.4,2008,217247.3271,760702.7561
0.027777778,2008,235172.6575,733041.7111
0.125,2008,234775.6209,751882.9747
0.078947368,2008,205114.7589,733223.1475
0.14893617,2008,226046.4249,732145.6787
0.186046512,2008,219146.3886,762117.0998
0.05,2008,219710.219,753010.6368
0.071428571,2008,215528.6721,762047.8286
0.070175439,2008,232340.1829,739237.707
0.285714286,2008,224991.2982,745985.5534
0.055555556,2008,224843.8341,735939.3819
0.203389831,2008,224263.7874,758418.507
0.230769231,2008,230244.8714,760042.0006
0.083333333,2008,218209.5981,747702.9541
0,2008,238039.1012,748962.1562
0.078125,2008,231930.187,750705.8176
0.125,2008,195940.4572,722648.1341
0,2008,222939.5286,754909.8695
0.333333333,2008,191932.2477,715881.5537
0.106382979,2008,229724.1431,736118.36
0,2008,234657.9896,760394.3696
0.205128205,2008,181867.5257,659050.8326
0,2008,195924.5816,673075.2219
0,2008,197396.0549,670882.8685
0.117647059,2008,197056.5835,669377.863
0.095238095,2008,209237.5569,711628.0992
0.032258065,2008,198261.0333,688411.176
0.071428571,2008,204928.3823,712312.9808
0.1,2008,185279.8773,574781.8654
0.052631579,2008,186075.0373,664914.1637
0,2008,195276.407,663147.693
0.1875,2008,223062.4398,731638.8091
0,2008,255953.3204,763666.7383
0.052631579,2008,221258.3241,735858.6397
0.185185185,2008,213484.9019,633641.3781
0.193548387,2008,192736.1735,712855.8218
0.142857143,2008,161853.6833,603953.7757
0.066666667,2008,175960.9805,626640.5975
0.333333333,2008,186825.9903,573009.0864
0.111842105,2008,230795.1149,734451.6386
0.170731707,2008,226247.7155,768737.2069
0,2008,177411.3946,633029.8046
0.08,2008,227276.1034,757321.7084
0.302325581,2008,176773.2174,588617.2577
0.083333333,2008,192079.4112,711223.4433
0.051813472,2008,200207.991,645701.6199
0.181818182,2008,184634.6097,567181.8731
0.25,2008,203677.2981,696698.8723
0.111111111,2008,213374.6999,759652.9886
0,2008,228628.6452,763251.881
0.5,2008,194983.8805,656155.4612
0.28125,2008,196084.9638,661964.4267
0,2008,209002.2049,708738.6726
0,2008,251316.8213,765400.7463
0.066666667,2008,197358.8695,741270.2953
0.441176471,2008,202602.1187,553029.9717
0.333333333,2008,212129.6086,735221.4453
0.298850575,2008,186588.3236,659471.3286
0.061068702,2008,204344.9586,741703.4878
0.227272727,2008,184930.6173,649631.406
0.261904762,2008,179217.7094,635457.1174
0.05,2008,220151.0134,573794.5091
0.131147541,2008,193982.2397,384601.1613
0.253731343,2008,199782.6636,624450.9704
0.142857143,2008,186798.4471,662934.9997
0.109589041,2008,177362.0581,613281.6054
0.065934066,2008,196550.4375,666814.9584
0.243243243,2008,184507.9311,671981.2669
0.210526316,2008,175078.9669,643145.1924
0.285714286,2008,214214.9183,714102.0366
0.040540541,2008,196099.0598,682303.3879
0.075757576,2008,200706.3096,685368.4038
0.11,2008,253643.3399,790131.3797
0.138743455,2008,220183.7413,632033.9331
0.176470588,2008,216862.7944,668104.2558
0.35,2008,229773.99,632377.0976
0,2008,209242.4882,675419.0131
0.166666667,2008,215340.4011,641077.3407
0,2008,201590.9217,675174.4031
0.181818182,2008,210802.9693,622871.3749
0.2,2008,204437.4911,648815.6846
0.154290429,2008,198947.2387,744928.038
0.333333333,2008,265389.4708,766057.7314
0.2,2008,272000.9949,796891.5243
0.139983467,2008,180489.6796,665757.436
0.139240506,2008,204103.4231,702912.7022
0.338061466,2008,184664.9222,666370.5283
0.231854839,2008,176423.4831,657968.8081
0.22147651,2008,182247.9274,664184.7933
0.134897361,2008,184092.1638,675213.4927
0.118181818,2008,191964.8863,705012.6646
0.177399757,2008,179547.8525,657938.5887
0.1625,2008,249488.8046,743591.7782
0.085365854,2008,210144.2812,745681.4784
0.164,2008,192723.2892,676090.6946
0.275862069,2008,189790.68,650979.2926
0.067164179,2008,159183.2739,618811.6413
0.107526882,2008,180734.4016,647841.026
0.103092784,2008,227728.0189,734143.2878
0.147727273,2008,186926.721,690287.2458
0.086419753,2008,228479.8393,752272.2282
0.168674699,2008,208329.246,758645.1294
0.179487179,2008,227459.6876,724073.5691
0.089285714,2008,197819.0115,708950.571
0.147147147,2008,189330.9033,666948.3729
0.075757576,2008,247792.468,764037.3763
0.371428571,2008,208058.4158,749680.3738
0.197424893,2008,180285.3817,652959.1938
0.190123457,2008,182861.8575,644475.9211
0.263157895,2008,188065.9515,648252.092
0.188760807,2008,183799.2091,663693.3378
0.204379562,2008,187849.7638,677143.1302
0.156862745,2008,216417.3184,745668.617
0.122807018,2008,218174.2477,751017.3587
0.082653061,2008,179975.3102,573353.3219
0.077777778,2008,209576.4694,768554.9245
0.205882353,2008,247138.8652,711634.0844
0.121212121,2008,196428.7174,719347.2143
0.15,2008,189533.9203,659908.3691
0.12345679,2008,209407.525,749073.2659
0.333333333,2008,207045.023,750441.7036
0.141304348,2008,189170.0528,672983.6101
0.058823529,2008,195299.4524,713965.2371
0.222222222,2009,251056.6139,763501.3077
0,2009,185249.3083,639415.0948
0.03030303,2009,163796.0529,579871.3594
0.166666667,2009,194965.9749,733200.043
0.180422265,2009,167582.8805,635675.818
0.571428571,2009,192480.4567,684407.1162
0.045454545,2009,173197.8992,633415.377
0.142857143,2009,193789.3813,691409.4079
0.034482759,2009,189481.6015,686635.7491
0.214285714,2009,192057.2281,687138.921
0.125,2009,188390.2327,663143.6488
0.142857143,2009,210054.2295,729138.0086
0.184210526,2009,160457.8459,592170.0098
0,2009,183287.8371,677054.8301
0,2009,188437.1736,687179.7648
0.111111111,2009,183680.172,656296.0917
0.214285714,2009,183172.234,641066.4667
0,2009,210534.3263,634813.9596
0.181818182,2009,216186.6566,762891.9453
0.1875,2009,230532.1016,731813.4439
0.035714286,2009,238961.93,754631.5461
0.033333333,2009,234847.6576,745917.4556
0.25,2009,217247.3271,760702.7561
0.037037037,2009,235172.6575,733041.7111
0,2009,234775.6209,751882.9747
0,2009,205114.7589,733223.1475
0.173076923,2009,226046.4249,732145.6787
0.04,2009,219146.3886,762117.0998
0.125,2009,219710.219,753010.6368
0.034090909,2009,215528.6721,762047.8286
0.114285714,2009,232340.1829,739237.707
0.642857143,2009,224991.2982,745985.5534
0,2009,224843.8341,735939.3819
0.136363636,2009,224263.7874,758418.507
1,2009,230244.8714,760042.0006
0.411764706,2009,218209.5981,747702.9541
0,2009,238039.1012,748962.1562
0.085714286,2009,231930.187,750705.8176
0.5,2009,195940.4572,722648.1341
0.25,2009,222939.5286,754909.8695
0.538461538,2009,191932.2477,715881.5537
0.135135135,2009,229724.1431,736118.36
0.034482759,2009,234657.9896,760394.3696
0.045454545,2009,181867.5257,659050.8326
0.111111111,2009,195924.5816,673075.2219
0,2009,197396.0549,670882.8685
0.071428571,2009,197056.5835,669377.863
0.136363636,2009,209237.5569,711628.0992
0.108108108,2009,198261.0333,688411.176
0.166666667,2009,204928.3823,712312.9808
0,2009,185279.8773,574781.8654
0.178571429,2009,186075.0373,664914.1637
0.076923077,2009,195276.407,663147.693
0.179104478,2009,223062.4398,731638.8091
0.4,2009,255953.3204,763666.7383
0,2009,221258.3241,735858.6397
0.103448276,2009,213484.9019,633641.3781
0.151515152,2009,192736.1735,712855.8218
0.047619048,2009,161853.6833,603953.7757
0.083333333,2009,175960.9805,626640.5975
0.6,2009,186825.9903,573009.0864
0.125,2009,230795.1149,734451.6386
0.222222222,2009,226247.7155,768737.2069
0.25,2009,177411.3946,633029.8046
0.133757962,2009,227276.1034,757321.7084
0.166666667,2009,176773.2174,588617.2577
0,2009,192079.4112,711223.4433
0.051401869,2009,200207.991,645701.6199
0.333333333,2009,184634.6097,567181.8731
0,2009,203677.2981,696698.8723
0.014705882,2009,213374.6999,759652.9886
0.25,2009,228628.6452,763251.881
0.25,2009,194983.8805,656155.4612
0.188679245,2009,196084.9638,661964.4267
0.058823529,2009,209002.2049,708738.6726
0,2009,251316.8213,765400.7463
0.275862069,2009,197358.8695,741270.2953
0.305555556,2009,202602.1187,553029.9717
0.428571429,2009,212129.6086,735221.4453
0.294871795,2009,186588.3236,659471.3286
0.057471264,2009,204344.9586,741703.4878
0.071428571,2009,184930.6173,649631.406
0.465116279,2009,179217.7094,635457.1174
0.206896552,2009,220151.0134,573794.5091
0.183206107,2009,193982.2397,384601.1613
0.225806452,2009,199782.6636,624450.9704
0.2,2009,186798.4471,662934.9997
0.258064516,2009,177362.0581,613281.6054
0.114035088,2009,196550.4375,666814.9584
0.129411765,2009,184507.9311,671981.2669
0.214285714,2009,175078.9669,643145.1924
0.22,2009,214214.9183,714102.0366
0.035714286,2009,196099.0598,682303.3879
0.12,2009,200706.3096,685368.4038
0.085106383,2009,253643.3399,790131.3797
0.124623116,2009,220183.7413,632033.9331
0.290322581,2009,216862.7944,668104.2558
0.404255319,2009,229773.99,632377.0976
0,2009,209242.4882,675419.0131
0.333333333,2009,215340.4011,641077.3407
0,2009,201590.9217,675174.4031
0.272727273,2009,210802.9693,622871.3749
0.642857143,2009,204437.4911,648815.6846
0.135135135,2009,198947.2387,744928.038
0,2009,265389.4708,766057.7314
0,2009,272000.9949,796891.5243
0.156026059,2009,180489.6796,665757.436
0.12987013,2009,204103.4231,702912.7022
0.361477573,2009,184664.9222,666370.5283
0.206434316,2009,176423.4831,657968.8081
0.219512195,2009,182247.9274,664184.7933
0.174074074,2009,184092.1638,675213.4927
0.13362069,2009,191964.8863,705012.6646
0.183076923,2009,179547.8525,657938.5887
0.111801242,2009,249488.8046,743591.7782
0.104294479,2009,210144.2812,745681.4784
0.128205128,2009,192723.2892,676090.6946
0.189944134,2009,189790.68,650979.2926
0.101694915,2009,159183.2739,618811.6413
0.18556701,2009,180734.4016,647841.026
0.111111111,2009,227728.0189,734143.2878
0.15942029,2009,186926.721,690287.2458
0.075630252,2009,228479.8393,752272.2282
0.135338346,2009,208329.246,758645.1294
0.157024793,2009,227459.6876,724073.5691
0.113333333,2009,197819.0115,708950.571
0.163734777,2009,189330.9033,666948.3729
0.116666667,2009,247792.468,764037.3763
0.403846154,2009,208058.4158,749680.3738
0.139143731,2009,180285.3817,652959.1938
0.194130926,2009,182861.8575,644475.9211
0.244444444,2009,188065.9515,648252.092
0.220560748,2009,183799.2091,663693.3378
0.131455399,2009,187849.7638,677143.1302
0.126582278,2009,216417.3184,745668.617
0.127659574,2009,218174.2477,751017.3587
0.079836233,2009,179975.3102,573353.3219
0.161016949,2009,209576.4694,768554.9245
0.4375,2009,247138.8652,711634.0844
0,2009,196428.7174,719347.2143
0.105263158,2009,189533.9203,659908.3691
0.153846154,2009,209407.525,749073.2659
0.263888889,2009,207045.023,750441.7036
0.137614679,2009,189170.0528,672983.6101
0.125,2009,195299.4524,713965.2371
0.1,2010,251056.6139,763501.3077
0.1,2010,185249.3083,639415.0948
0.238095238,2010,163796.0529,579871.3594
0.2,2010,194965.9749,733200.043
0.12793177,2010,167582.8805,635675.818
0.111111111,2010,192480.4567,684407.1162
0.033333333,2010,173197.8992,633415.377
0.136363636,2010,193789.3813,691409.4079
0.0625,2010,189481.6015,686635.7491
0.066666667,2010,192057.2281,687138.921
0.166666667,2010,188390.2327,663143.6488
0.176470588,2010,210054.2295,729138.0086
0.271186441,2010,160457.8459,592170.0098
0.166666667,2010,183287.8371,677054.8301
0,2010,188437.1736,687179.7648
0.25,2010,183680.172,656296.0917
0.285714286,2010,183172.234,641066.4667
0.090909091,2010,210534.3263,634813.9596
0.052631579,2010,216186.6566,762891.9453
0.142857143,2010,230532.1016,731813.4439
0.095238095,2010,238961.93,754631.5461
0.5,2010,234847.6576,745917.4556
0,2010,217247.3271,760702.7561
0.041666667,2010,235172.6575,733041.7111
0.230769231,2010,234775.6209,751882.9747
0.12,2010,205114.7589,733223.1475
0.153846154,2010,226046.4249,732145.6787
0.11627907,2010,219146.3886,762117.0998
0.055555556,2010,219710.219,753010.6368
0.017241379,2010,215528.6721,762047.8286
0.033333333,2010,232340.1829,739237.707
0.25,2010,224991.2982,745985.5534
0.125,2010,224843.8341,735939.3819
0.113636364,2010,224263.7874,758418.507
0.5,2010,230244.8714,760042.0006
0.083333333,2010,218209.5981,747702.9541
0,2010,238039.1012,748962.1562
0.25,2010,231930.187,750705.8176
0,2010,195940.4572,722648.1341
0.071428571,2010,222939.5286,754909.8695
0.625,2010,191932.2477,715881.5537
0.076923077,2010,229724.1431,736118.36
0.25,2010,234657.9896,760394.3696
0.277777778,2010,181867.5257,659050.8326
0,2010,195924.5816,673075.2219
0,2010,197396.0549,670882.8685
0.108695652,2010,197056.5835,669377.863
0.238095238,2010,209237.5569,711628.0992
0.047619048,2010,198261.0333,688411.176
0,2010,204928.3823,712312.9808
0,2010,185279.8773,574781.8654
0.322580645,2010,186075.0373,664914.1637
0,2010,195276.407,663147.693
0.259259259,2010,223062.4398,731638.8091
0.4,2010,255953.3204,763666.7383
0.125,2010,221258.3241,735858.6397
0.125,2010,213484.9019,633641.3781
0.181818182,2010,192736.1735,712855.8218
0.068965517,2010,161853.6833,603953.7757
0.333333333,2010,175960.9805,626640.5975
0.25,2010,186825.9903,573009.0864
0.136986301,2010,230795.1149,734451.6386
0.12,2010,226247.7155,768737.2069
0.1,2010,177411.3946,633029.8046
0.208333333,2010,227276.1034,757321.7084
0.24137931,2010,176773.2174,588617.2577
0.058823529,2010,192079.4112,711223.4433
0.043478261,2010,200207.991,645701.6199
0.357142857,2010,184634.6097,567181.8731
0.153846154,2010,203677.2981,696698.8723
0.070588235,2010,213374.6999,759652.9886
0.428571429,2010,228628.6452,763251.881
0.6,2010,194983.8805,656155.4612
0.185185185,2010,196084.9638,661964.4267
0.142857143,2010,209002.2049,708738.6726
0,2010,251316.8213,765400.7463
0.333333333,2010,197358.8695,741270.2953
0.266666667,2010,202602.1187,553029.9717
0.086956522,2010,212129.6086,735221.4453
0.144927536,2010,186588.3236,659471.3286
0.058823529,2010,204344.9586,741703.4878
0.1875,2010,184930.6173,649631.406
0.1875,2010,179217.7094,635457.1174
0.333333333,2010,220151.0134,573794.5091
0.154545455,2010,193982.2397,384601.1613
0.213333333,2010,199782.6636,624450.9704
0.247311828,2010,186798.4471,662934.9997
0.1,2010,177362.0581,613281.6054
0.088709677,2010,196550.4375,666814.9584
0.089552239,2010,184507.9311,671981.2669
0.106060606,2010,175078.9669,643145.1924
0.333333333,2010,214214.9183,714102.0366
0.028571429,2010,196099.0598,682303.3879
0.018348624,2010,200706.3096,685368.4038
0.188405797,2010,253643.3399,790131.3797
0.159878419,2010,220183.7413,632033.9331
0.114754098,2010,216862.7944,668104.2558
0.432432432,2010,229773.99,632377.0976
0,2010,209242.4882,675419.0131
0.055555556,2010,215340.4011,641077.3407
0.2,2010,201590.9217,675174.4031
0.464285714,2010,210802.9693,622871.3749
0.333333333,2010,204437.4911,648815.6846
0.150994575,2010,198947.2387,744928.038
0.5,2010,265389.4708,766057.7314
0,2010,272000.9949,796891.5243
0.163715073,2010,180489.6796,665757.436
0.12,2010,204103.4231,702912.7022
0.35620915,2010,184664.9222,666370.5283
0.271929825,2010,176423.4831,657968.8081
0.194630872,2010,182247.9274,664184.7933
0.123809524,2010,184092.1638,675213.4927
0.162857143,2010,191964.8863,705012.6646
0.165540541,2010,179547.8525,657938.5887
0.103448276,2010,249488.8046,743591.7782
0.080882353,2010,210144.2812,745681.4784
0.128301887,2010,192723.2892,676090.6946
0.314516129,2010,189790.68,650979.2926
0.134751773,2010,159183.2739,618811.6413
0.186813187,2010,180734.4016,647841.026
0.106741573,2010,227728.0189,734143.2878
0.175365344,2010,186926.721,690287.2458
0.027272727,2010,228479.8393,752272.2282
0.2,2010,208329.246,758645.1294
0.186567164,2010,227459.6876,724073.5691
0.080291971,2010,197819.0115,708950.571
0.165087957,2010,189330.9033,666948.3729
0.192307692,2010,247792.468,764037.3763
0.424242424,2010,208058.4158,749680.3738
0.147308782,2010,180285.3817,652959.1938
0.162637363,2010,182861.8575,644475.9211
0.302857143,2010,188065.9515,648252.092
0.204954955,2010,183799.2091,663693.3378
0.107594937,2010,187849.7638,677143.1302
0.056338028,2010,216417.3184,745668.617
0.235294118,2010,218174.2477,751017.3587
0.103163686,2010,179975.3102,573353.3219
0.289256198,2010,209576.4694,768554.9245
0.147058824,2010,247138.8652,711634.0844
0.3125,2010,196428.7174,719347.2143
0.25,2010,189533.9203,659908.3691
0.142857143,2010,209407.525,749073.2659
0.256097561,2010,207045.023,750441.7036
0.117021277,2010,189170.0528,672983.6101
0.2,2010,195299.4524,713965.2371
0,2011,251056.6139,763501.3077
0,2011,185249.3083,639415.0948
0.117647059,2011,163796.0529,579871.3594
0.083333333,2011,194965.9749,733200.043
0.14416476,2011,167582.8805,635675.818
0,2011,192480.4567,684407.1162
0.075,2011,173197.8992,633415.377
0.238095238,2011,193789.3813,691409.4079
0.03030303,2011,189481.6015,686635.7491
0.1875,2011,192057.2281,687138.921
0.75,2011,188390.2327,663143.6488
0.090909091,2011,210054.2295,729138.0086
0.276595745,2011,160457.8459,592170.0098
0,2011,183287.8371,677054.8301
0,2011,188437.1736,687179.7648
0.066666667,2011,183680.172,656296.0917
0.206896552,2011,183172.234,641066.4667
0.25,2011,210534.3263,634813.9596
0.076923077,2011,216186.6566,762891.9453
0.25,2011,230532.1016,731813.4439
0.208333333,2011,238961.93,754631.5461
0,2011,234847.6576,745917.4556
0,2011,217247.3271,760702.7561
0.166666667,2011,235172.6575,733041.7111
0,2011,234775.6209,751882.9747
0.2,2011,205114.7589,733223.1475
0.108695652,2011,226046.4249,732145.6787
0.032786885,2011,219146.3886,762117.0998
0.15,2011,219710.219,753010.6368
0.015873016,2011,215528.6721,762047.8286
0.144927536,2011,232340.1829,739237.707
0.034482759,2011,224991.2982,745985.5534
0,2011,224843.8341,735939.3819
0.040816327,2011,224263.7874,758418.507
1,2011,230244.8714,760042.0006
0,2011,218209.5981,747702.9541
0,2011,238039.1012,748962.1562
0.148148148,2011,231930.187,750705.8176
0.333333333,2011,195940.4572,722648.1341
0.064516129,2011,222939.5286,754909.8695
0.3,2011,191932.2477,715881.5537
0.28,2011,229724.1431,736118.36
0,2011,234657.9896,760394.3696
0.111111111,2011,181867.5257,659050.8326
0.222222222,2011,195924.5816,673075.2219
0,2011,197396.0549,670882.8685
0.058823529,2011,197056.5835,669377.863
0.043478261,2011,209237.5569,711628.0992
0.058823529,2011,198261.0333,688411.176
0.333333333,2011,204928.3823,712312.9808
0.058823529,2011,185279.8773,574781.8654
0.19047619,2011,186075.0373,664914.1637
0,2011,195276.407,663147.693
0.285714286,2011,223062.4398,731638.8091
0.2,2011,255953.3204,763666.7383
0.153846154,2011,221258.3241,735858.6397
0.285714286,2011,213484.9019,633641.3781
0.12987013,2011,192736.1735,712855.8218
0.172413793,2011,161853.6833,603953.7757
0.125,2011,175960.9805,626640.5975
0.285714286,2011,186825.9903,573009.0864
0.136363636,2011,230795.1149,734451.6386
0.25,2011,226247.7155,768737.2069
0,2011,177411.3946,633029.8046
0.191011236,2011,227276.1034,757321.7084
0.26,2011,176773.2174,588617.2577
0,2011,192079.4112,711223.4433
0.066666667,2011,200207.991,645701.6199
1,2011,184634.6097,567181.8731
0,2011,203677.2981,696698.8723
0.1,2011,213374.6999,759652.9886
0,2011,228628.6452,763251.881
0.4,2011,194983.8805,656155.4612
0.519230769,2011,196084.9638,661964.4267
0,2011,209002.2049,708738.6726
0.1,2011,251316.8213,765400.7463
0.375,2011,197358.8695,741270.2953
0.257142857,2011,202602.1187,553029.9717
0.142857143,2011,212129.6086,735221.4453
0.295454545,2011,186588.3236,659471.3286
0.063291139,2011,204344.9586,741703.4878
0.5,2011,184930.6173,649631.406
0.115384615,2011,179217.7094,635457.1174
0.285714286,2011,220151.0134,573794.5091
0.305343511,2011,193982.2397,384601.1613
0.197916667,2011,199782.6636,624450.9704
0.172839506,2011,186798.4471,662934.9997
0.171428571,2011,177362.0581,613281.6054
0.113636364,2011,196550.4375,666814.9584
0.347222222,2011,184507.9311,671981.2669
0.118421053,2011,175078.9669,643145.1924
0.254901961,2011,214214.9183,714102.0366
0.040816327,2011,196099.0598,682303.3879
0.027777778,2011,200706.3096,685368.4038
0.016129032,2011,253643.3399,790131.3797
0.184342032,2011,220183.7413,632033.9331
0.193548387,2011,216862.7944,668104.2558
0.291666667,2011,229773.99,632377.0976
0,2011,209242.4882,675419.0131
0.166666667,2011,215340.4011,641077.3407
0.066666667,2011,201590.9217,675174.4031
0.909090909,2011,210802.9693,622871.3749
0.583333333,2011,204437.4911,648815.6846
0.164251208,2011,198947.2387,744928.038
0,2011,265389.4708,766057.7314
0,2011,272000.9949,796891.5243
0.179865772,2011,180489.6796,665757.436
0.096774194,2011,204103.4231,702912.7022
0.457364341,2011,184664.9222,666370.5283
0.262390671,2011,176423.4831,657968.8081
0.2,2011,182247.9274,664184.7933
0.212121212,2011,184092.1638,675213.4927
0.150159744,2011,191964.8863,705012.6646
0.195694716,2011,179547.8525,657938.5887
0.107438017,2011,249488.8046,743591.7782
0.163636364,2011,210144.2812,745681.4784
0.12,2011,192723.2892,676090.6946
0.259036145,2011,189790.68,650979.2926
0.100401606,2011,159183.2739,618811.6413
0.16,2011,180734.4016,647841.026
0.110638298,2011,227728.0189,734143.2878
0.154425612,2011,186926.721,690287.2458
0.096153846,2011,228479.8393,752272.2282
0.293650794,2011,208329.246,758645.1294
0.178571429,2011,227459.6876,724073.5691
0.135416667,2011,197819.0115,708950.571
0.149408284,2011,189330.9033,666948.3729
0.238095238,2011,247792.468,764037.3763
0.423728814,2011,208058.4158,749680.3738
0.159122085,2011,180285.3817,652959.1938
0.147505423,2011,182861.8575,644475.9211
0.320512821,2011,188065.9515,648252.092
0.269754768,2011,183799.2091,663693.3378
0.125786164,2011,187849.7638,677143.1302
0.080645161,2011,216417.3184,745668.617
0.104166667,2011,218174.2477,751017.3587
0.09919571,2011,179975.3102,573353.3219
0.132450331,2011,209576.4694,768554.9245
0.375,2011,247138.8652,711634.0844
0.222222222,2011,196428.7174,719347.2143
0.125,2011,189533.9203,659908.3691
0.326086957,2011,209407.525,749073.2659
0.307692308,2011,207045.023,750441.7036
0.125,2011,189170.0528,672983.6101
0.058823529,2011,195299.4524,713965.2371
0,2012,251056.6139,763501.3077
0,2012,185249.3083,639415.0948
0.333333333,2012,163796.0529,579871.3594
0,2012,194965.9749,733200.043
0.174496644,2012,167582.8805,635675.818
0,2012,192480.4567,684407.1162
0.03125,2012,173197.8992,633415.377
0.166666667,2012,193789.3813,691409.4079
0.214285714,2012,189481.6015,686635.7491
0.095238095,2012,192057.2281,687138.921
0.5,2012,188390.2327,663143.6488
0.333333333,2012,210054.2295,729138.0086
0.285714286,2012,160457.8459,592170.0098
0.142857143,2012,183287.8371,677054.8301
0,2012,188437.1736,687179.7648
0.25,2012,183680.172,656296.0917
0.095238095,2012,183172.234,641066.4667
0.133333333,2012,210534.3263,634813.9596
0.047619048,2012,216186.6566,762891.9453
0.071428571,2012,230532.1016,731813.4439
0.041666667,2012,238961.93,754631.5461
0,2012,234847.6576,745917.4556
0,2012,217247.3271,760702.7561
0.307692308,2012,235172.6575,733041.7111
0,2012,234775.6209,751882.9747
0,2012,205114.7589,733223.1475
0.266666667,2012,226046.4249,732145.6787
0.078431373,2012,219146.3886,762117.0998
0,2012,219710.219,753010.6368
0.102040816,2012,215528.6721,762047.8286
0.21875,2012,232340.1829,739237.707
0.333333333,2012,224991.2982,745985.5534
0.4,2012,224843.8341,735939.3819
0.142857143,2012,224263.7874,758418.507
0.166666667,2012,230244.8714,760042.0006
0.1,2012,218209.5981,747702.9541
0.5,2012,238039.1012,748962.1562
0.147058824,2012,231930.187,750705.8176
0,2012,195940.4572,722648.1341
0.166666667,2012,222939.5286,754909.8695
0.8,2012,191932.2477,715881.5537
0.048780488,2012,229724.1431,736118.36
0,2012,234657.9896,760394.3696
0.15,2012,181867.5257,659050.8326
0.333333333,2012,195924.5816,673075.2219
0.333333333,2012,197396.0549,670882.8685
0.073170732,2012,197056.5835,669377.863
0.25,2012,209237.5569,711628.0992
0.064516129,2012,198261.0333,688411.176
0,2012,204928.3823,712312.9808
0,2012,185279.8773,574781.8654
0.411764706,2012,186075.0373,664914.1637
0,2012,195276.407,663147.693
0.2,2012,223062.4398,731638.8091
0.333333333,2012,255953.3204,763666.7383
0,2012,221258.3241,735858.6397
0.294117647,2012,213484.9019,633641.3781
0.297297297,2012,192736.1735,712855.8218
0.105263158,2012,161853.6833,603953.7757
0.384615385,2012,175960.9805,626640.5975
0.25,2012,186825.9903,573009.0864
0.144067797,2012,230795.1149,734451.6386
0.157894737,2012,226247.7155,768737.2069
0,2012,177411.3946,633029.8046
0.142857143,2012,227276.1034,757321.7084
0.117647059,2012,176773.2174,588617.2577
0.047619048,2012,192079.4112,711223.4433
0.092715232,2012,200207.991,645701.6199
0.142857143,2012,184634.6097,567181.8731
0.125,2012,203677.2981,696698.8723
0.048387097,2012,213374.6999,759652.9886
0.25,2012,228628.6452,763251.881
0.5,2012,194983.8805,656155.4612
0.269230769,2012,196084.9638,661964.4267
0.272727273,2012,209002.2049,708738.6726
0.166666667,2012,251316.8213,765400.7463
0.428571429,2012,197358.8695,741270.2953
0.310344828,2012,202602.1187,553029.9717
0.090909091,2012,212129.6086,735221.4453
0.224137931,2012,186588.3236,659471.3286
0.049180328,2012,204344.9586,741703.4878
0.230769231,2012,184930.6173,649631.406
0.347826087,2012,179217.7094,635457.1174
0.352941176,2012,220151.0134,573794.5091
0.217391304,2012,193982.2397,384601.1613
0.391304348,2012,199782.6636,624450.9704
0.215384615,2012,186798.4471,662934.9997
0.287878788,2012,177362.0581,613281.6054
0.112903226,2012,196550.4375,666814.9584
0.306122449,2012,184507.9311,671981.2669
0.228915663,2012,175078.9669,643145.1924
0.035294118,2012,214214.9183,714102.0366
0.093023256,2012,196099.0598,682303.3879
0.171428571,2012,200706.3096,685368.4038
0.175438596,2012,253643.3399,790131.3797
0.211525868,2012,220183.7413,632033.9331
0.258064516,2012,216862.7944,668104.2558
0.291666667,2012,229773.99,632377.0976
0.3,2012,209242.4882,675419.0131
0,2012,215340.4011,641077.3407
0.111111111,2012,201590.9217,675174.4031
0.476190476,2012,210802.9693,622871.3749
0.647058824,2012,204437.4911,648815.6846
0.20212766,2012,198947.2387,744928.038
0,2012,265389.4708,766057.7314
0,2012,272000.9949,796891.5243
0.23715847,2012,180489.6796,665757.436
0.088607595,2012,204103.4231,702912.7022
0.438596491,2012,184664.9222,666370.5283
0.308823529,2012,176423.4831,657968.8081
0.211764706,2012,182247.9274,664184.7933
0.195266272,2012,184092.1638,675213.4927
0.186311787,2012,191964.8863,705012.6646
0.219753086,2012,179547.8525,657938.5887
0.082191781,2012,249488.8046,743591.7782
0.12962963,2012,210144.2812,745681.4784
0.181818182,2012,192723.2892,676090.6946
0.296875,2012,189790.68,650979.2926
0.195918367,2012,159183.2739,618811.6413
0.147727273,2012,180734.4016,647841.026
0.134078212,2012,227728.0189,734143.2878
0.162689805,2012,186926.721,690287.2458
0.096153846,2012,228479.8393,752272.2282
0.22,2012,208329.246,758645.1294
0.24137931,2012,227459.6876,724073.5691
0.126582278,2012,197819.0115,708950.571
0.204301075,2012,189330.9033,666948.3729
0.092592593,2012,247792.468,764037.3763
0.326923077,2012,208058.4158,749680.3738
0.200317965,2012,180285.3817,652959.1938
0.233333333,2012,182861.8575,644475.9211
0.264,2012,188065.9515,648252.092
0.279202279,2012,183799.2091,663693.3378
0.161538462,2012,187849.7638,677143.1302
0.095238095,2012,216417.3184,745668.617
0.052631579,2012,218174.2477,751017.3587
0.104105572,2012,179975.3102,573353.3219
0.3,2012,209576.4694,768554.9245
0.176470588,2012,247138.8652,711634.0844
0.214285714,2012,196428.7174,719347.2143
0.523809524,2012,189533.9203,659908.3691
0.196721311,2012,209407.525,749073.2659
0.279411765,2012,207045.023,750441.7036
0.137931034,2012,189170.0528,672983.6101
0,2012,195299.4524,713965.2371
0.2,2013,251056.6139,763501.3077
0.4,2013,185249.3083,639415.0948
0.409090909,2013,163796.0529,579871.3594
0,2013,194965.9749,733200.043
0.219858156,2013,167582.8805,635675.818
0.466666667,2013,192480.4567,684407.1162
0.169811321,2013,173197.8992,633415.377
0.363636364,2013,193789.3813,691409.4079
0,2013,189481.6015,686635.7491
0.153846154,2013,192057.2281,687138.921
0.666666667,2013,188390.2327,663143.6488
0.1875,2013,210054.2295,729138.0086
0.235294118,2013,160457.8459,592170.0098
0.25,2013,183287.8371,677054.8301
1,2013,188437.1736,687179.7648
0.666666667,2013,183680.172,656296.0917
0.285714286,2013,183172.234,641066.4667
0.166666667,2013,210534.3263,634813.9596
0.166666667,2013,216186.6566,762891.9453
0.2,2013,230532.1016,731813.4439
0,2013,238961.93,754631.5461
0.1,2013,234847.6576,745917.4556
0.090909091,2013,217247.3271,760702.7561
0,2013,235172.6575,733041.7111
0.125,2013,234775.6209,751882.9747
0.114285714,2013,205114.7589,733223.1475
0.109090909,2013,226046.4249,732145.6787
0.19047619,2013,219146.3886,762117.0998
0.057142857,2013,219710.219,753010.6368
0.044444444,2013,215528.6721,762047.8286
0.12,2013,232340.1829,739237.707
0.571428571,2013,224991.2982,745985.5534
0,2013,224843.8341,735939.3819
0.071428571,2013,224263.7874,758418.507
0.111111111,2013,230244.8714,760042.0006
0,2013,218209.5981,747702.9541
0,2013,238039.1012,748962.1562
0,2013,231930.187,750705.8176
0.222222222,2013,195940.4572,722648.1341
0.0625,2013,222939.5286,754909.8695
0.5,2013,191932.2477,715881.5537
0.115384615,2013,229724.1431,736118.36
0,2013,234657.9896,760394.3696
0.166666667,2013,181867.5257,659050.8326
0,2013,195924.5816,673075.2219
0.666666667,2013,197396.0549,670882.8685
0,2013,197056.5835,669377.863
0,2013,209237.5569,711628.0992
0.166666667,2013,198261.0333,688411.176
0.040816327,2013,204928.3823,712312.9808
0,2013,185279.8773,574781.8654
0.25,2013,186075.0373,664914.1637
0,2013,195276.407,663147.693
0.424242424,2013,223062.4398,731638.8091
0.666666667,2013,255953.3204,763666.7383
0,2013,221258.3241,735858.6397
0.470588235,2013,213484.9019,633641.3781
0.424242424,2013,192736.1735,712855.8218
0.111111111,2013,161853.6833,603953.7757
0.307692308,2013,175960.9805,626640.5975
0.266666667,2013,186825.9903,573009.0864
0.22826087,2013,230795.1149,734451.6386
0.133333333,2013,226247.7155,768737.2069
0,2013,177411.3946,633029.8046
0.203389831,2013,227276.1034,757321.7084
0.279069767,2013,176773.2174,588617.2577
0.076923077,2013,192079.4112,711223.4433
0.05785124,2013,200207.991,645701.6199
0.142857143,2013,184634.6097,567181.8731
0,2013,203677.2981,696698.8723
0.084337349,2013,213374.6999,759652.9886
0,2013,228628.6452,763251.881
0.428571429,2013,194983.8805,656155.4612
0.235294118,2013,196084.9638,661964.4267
0,2013,209002.2049,708738.6726
0.4,2013,251316.8213,765400.7463
0.379310345,2013,197358.8695,741270.2953
0.466666667,2013,202602.1187,553029.9717
0.352941176,2013,212129.6086,735221.4453
0.379310345,2013,186588.3236,659471.3286
0.034883721,2013,204344.9586,741703.4878
0.388888889,2013,184930.6173,649631.406
0.291666667,2013,179217.7094,635457.1174
0.272727273,2013,220151.0134,573794.5091
0.260869565,2013,193982.2397,384601.1613
0.265625,2013,199782.6636,624450.9704
0.288461538,2013,186798.4471,662934.9997
0.272727273,2013,177362.0581,613281.6054
0.112903226,2013,196550.4375,666814.9584
0.36,2013,184507.9311,671981.2669
0.197183099,2013,175078.9669,643145.1924
0.086538462,2013,214214.9183,714102.0366
0.076923077,2013,196099.0598,682303.3879
0.126436782,2013,200706.3096,685368.4038
0.030612245,2013,253643.3399,790131.3797
0.22515213,2013,220183.7413,632033.9331
0.224489796,2013,216862.7944,668104.2558
0.4,2013,229773.99,632377.0976
0,2013,209242.4882,675419.0131
0,2013,215340.4011,641077.3407
0,2013,201590.9217,675174.4031
0.333333333,2013,210802.9693,622871.3749
0.533333333,2013,204437.4911,648815.6846
0.161025641,2013,198947.2387,744928.038
1,2013,265389.4708,766057.7314
0,2013,272000.9949,796891.5243
0.245528455,2013,180489.6796,665757.436
0.048076923,2013,204103.4231,702912.7022
0.381355932,2013,184664.9222,666370.5283
0.331325301,2013,176423.4831,657968.8081
0.258064516,2013,182247.9274,664184.7933
0.240740741,2013,184092.1638,675213.4927
0.174050633,2013,191964.8863,705012.6646
0.247191011,2013,179547.8525,657938.5887
0.179487179,2013,249488.8046,743591.7782
0.097744361,2013,210144.2812,745681.4784
0.206030151,2013,192723.2892,676090.6946
0.184782609,2013,189790.68,650979.2926
0.171348315,2013,159183.2739,618811.6413
0.237288136,2013,180734.4016,647841.026
0.067510549,2013,227728.0189,734143.2878
0.195652174,2013,186926.721,690287.2458
0.128712871,2013,228479.8393,752272.2282
0.186046512,2013,208329.246,758645.1294
0.278195489,2013,227459.6876,724073.5691
0.06870229,2013,197819.0115,708950.571
0.174311927,2013,189330.9033,666948.3729
0.203703704,2013,247792.468,764037.3763
0.511111111,2013,208058.4158,749680.3738
0.205714286,2013,180285.3817,652959.1938
0.181268882,2013,182861.8575,644475.9211
0.35483871,2013,188065.9515,648252.092
0.297376093,2013,183799.2091,663693.3378
0.270072993,2013,187849.7638,677143.1302
0.072463768,2013,216417.3184,745668.617
0.181818182,2013,218174.2477,751017.3587
0.110456554,2013,179975.3102,573353.3219
0.237623762,2013,209576.4694,768554.9245
0.1,2013,247138.8652,711634.0844
0.075,2013,196428.7174,719347.2143
0.5,2013,189533.9203,659908.3691
0.32,2013,209407.525,749073.2659
0.141509434,2013,207045.023,750441.7036
0.207317073,2013,189170.0528,672983.6101
0.142857143,2013,195299.4524,713965.2371
0,2014,251056.6139,763501.3077
0,2014,185249.3083,639415.0948
0.157894737,2014,163796.0529,579871.3594
0,2014,194965.9749,733200.043
0.208695652,2014,167582.8805,635675.818
0.076923077,2014,192480.4567,684407.1162
0.333333333,2014,173197.8992,633415.377
0.545454545,2014,193789.3813,691409.4079
0.625,2014,189481.6015,686635.7491
0.222222222,2014,192057.2281,687138.921
0.333333333,2014,188390.2327,663143.6488
0.5,2014,210054.2295,729138.0086
0.133333333,2014,160457.8459,592170.0098
0.25,2014,183287.8371,677054.8301
0,2014,188437.1736,687179.7648
0.666666667,2014,183680.172,656296.0917
0.217391304,2014,183172.234,641066.4667
0,2014,210534.3263,634813.9596
1,2014,216186.6566,762891.9453
0.1,2014,230532.1016,731813.4439
0.073170732,2014,238961.93,754631.5461
0,2014,234847.6576,745917.4556
0,2014,217247.3271,760702.7561
0,2014,235172.6575,733041.7111
0.071428571,2014,234775.6209,751882.9747
0,2014,205114.7589,733223.1475
0.125,2014,226046.4249,732145.6787
0.060606061,2014,219146.3886,762117.0998
0.157894737,2014,219710.219,753010.6368
0.083333333,2014,215528.6721,762047.8286
0.178571429,2014,232340.1829,739237.707
0.173913043,2014,224991.2982,745985.5534
0.2,2014,224843.8341,735939.3819
0.066666667,2014,224263.7874,758418.507
0,2014,230244.8714,760042.0006
0.333333333,2014,218209.5981,747702.9541
0,2014,238039.1012,748962.1562
0.21875,2014,231930.187,750705.8176
0.133333333,2014,195940.4572,722648.1341
0.285714286,2014,222939.5286,754909.8695
0,2014,191932.2477,715881.5537
0.066666667,2014,229724.1431,736118.36
0,2014,234657.9896,760394.3696
0.181818182,2014,181867.5257,659050.8326
0.111111111,2014,195924.5816,673075.2219
1,2014,197396.0549,670882.8685
0.09375,2014,197056.5835,669377.863
0,2014,209237.5569,711628.0992
0.380952381,2014,198261.0333,688411.176
0.03030303,2014,204928.3823,712312.9808
0,2014,185279.8773,574781.8654
0.2,2014,186075.0373,664914.1637
0,2014,195276.407,663147.693
0.233333333,2014,223062.4398,731638.8091
0,2014,255953.3204,763666.7383
0.12,2014,221258.3241,735858.6397
0.363636364,2014,213484.9019,633641.3781
0.333333333,2014,192736.1735,712855.8218
0.269230769,2014,161853.6833,603953.7757
0.296296296,2014,175960.9805,626640.5975
0.625,2014,186825.9903,573009.0864
0.156462585,2014,230795.1149,734451.6386
0.222222222,2014,226247.7155,768737.2069
0,2014,177411.3946,633029.8046
0.271929825,2014,227276.1034,757321.7084
0.35483871,2014,176773.2174,588617.2577
0.111111111,2014,192079.4112,711223.4433
0.158333333,2014,200207.991,645701.6199
0,2014,184634.6097,567181.8731
0.066666667,2014,203677.2981,696698.8723
0.066666667,2014,213374.6999,759652.9886
1,2014,228628.6452,763251.881
0.666666667,2014,194983.8805,656155.4612
0.282608696,2014,196084.9638,661964.4267
0,2014,209002.2049,708738.6726
0.142857143,2014,251316.8213,765400.7463
0.578947368,2014,197358.8695,741270.2953
0.43902439,2014,202602.1187,553029.9717
0.041666667,2014,212129.6086,735221.4453
0.382978723,2014,186588.3236,659471.3286
0.094594595,2014,204344.9586,741703.4878
0.75,2014,184930.6173,649631.406
0.4,2014,179217.7094,635457.1174
0.5,2014,220151.0134,573794.5091
0.29245283,2014,193982.2397,384601.1613
0.245614035,2014,199782.6636,624450.9704
0.271428571,2014,186798.4471,662934.9997
0.234375,2014,177362.0581,613281.6054
0.211267606,2014,196550.4375,666814.9584
0.471698113,2014,184507.9311,671981.2669
0.347826087,2014,175078.9669,643145.1924
0,2014,214214.9183,714102.0366
0.173913043,2014,196099.0598,682303.3879
0.173076923,2014,200706.3096,685368.4038
0.117647059,2014,253643.3399,790131.3797
0.194511703,2014,220183.7413,632033.9331
0.113207547,2014,216862.7944,668104.2558
0.338709677,2014,229773.99,632377.0976
0.125,2014,209242.4882,675419.0131
0.5,2014,215340.4011,641077.3407
0,2014,201590.9217,675174.4031
0.5,2014,210802.9693,622871.3749
0.285714286,2014,204437.4911,648815.6846
0.19112628,2014,198947.2387,744928.038
1,2014,265389.4708,766057.7314
0,2014,272000.9949,796891.5243
0.247481108,2014,180489.6796,665757.436
0.09375,2014,204103.4231,702912.7022
0.512690355,2014,184664.9222,666370.5283
0.375,2014,176423.4831,657968.8081
0.253012048,2014,182247.9274,664184.7933
0.175324675,2014,184092.1638,675213.4927
0.188552189,2014,191964.8863,705012.6646
0.297297297,2014,179547.8525,657938.5887
0.119318182,2014,249488.8046,743591.7782
0.187969925,2014,210144.2812,745681.4784
0.217171717,2014,192723.2892,676090.6946
0.43373494,2014,189790.68,650979.2926
0.220394737,2014,159183.2739,618811.6413
0.255813953,2014,180734.4016,647841.026
0.191780822,2014,227728.0189,734143.2878
0.261072261,2014,186926.721,690287.2458
0.179104478,2014,228479.8393,752272.2282
0.368852459,2014,208329.246,758645.1294
0.208695652,2014,227459.6876,724073.5691
0.120967742,2014,197819.0115,708950.571
0.246621622,2014,189330.9033,666948.3729
0.209302326,2014,247792.468,764037.3763
0.459016393,2014,208058.4158,749680.3738
0.229946524,2014,180285.3817,652959.1938
0.22,2014,182861.8575,644475.9211
0.376237624,2014,188065.9515,648252.092
0.309248555,2014,183799.2091,663693.3378
0.125,2014,187849.7638,677143.1302
0.068965517,2014,216417.3184,745668.617
0.093023256,2014,218174.2477,751017.3587
0.108734403,2014,179975.3102,573353.3219
0.220183486,2014,209576.4694,768554.9245
0.129032258,2014,247138.8652,711634.0844
0.210526316,2014,196428.7174,719347.2143
0.36,2014,189533.9203,659908.3691
0.264150943,2014,209407.525,749073.2659
0.076923077,2014,207045.023,750441.7036
0.2,2014,189170.0528,672983.6101
0.214285714,2014,195299.4524,713965.2371
0.333333333,2015,251056.6139,763501.3077
0.384615385,2015,185249.3083,639415.0948
0.172413793,2015,163796.0529,579871.3594
0,2015,194965.9749,733200.043
0.214007782,2015,167582.8805,635675.818
0.4,2015,192480.4567,684407.1162
0.24,2015,173197.8992,633415.377
0.538461538,2015,193789.3813,691409.4079
0.166666667,2015,189481.6015,686635.7491
0.227272727,2015,192057.2281,687138.921
0.375,2015,188390.2327,663143.6488
0.15,2015,210054.2295,729138.0086
0.125,2015,160457.8459,592170.0098
0.285714286,2015,183287.8371,677054.8301
0,2015,188437.1736,687179.7648
0.272727273,2015,183680.172,656296.0917
0.625,2015,183172.234,641066.4667
0,2015,210534.3263,634813.9596
0.142857143,2015,216186.6566,762891.9453
0.136363636,2015,230532.1016,731813.4439
0.058823529,2015,238961.93,754631.5461
0,2015,234847.6576,745917.4556
0,2015,217247.3271,760702.7561
0,2015,235172.6575,733041.7111
0.04,2015,234775.6209,751882.9747
0.166666667,2015,205114.7589,733223.1475
0.285714286,2015,226046.4249,732145.6787
0.057142857,2015,219146.3886,762117.0998
0.142857143,2015,219710.219,753010.6368
0.028169014,2015,215528.6721,762047.8286
0.375,2015,232340.1829,739237.707
0.454545455,2015,224991.2982,745985.5534
0.375,2015,224843.8341,735939.3819
0.555555556,2015,224263.7874,758418.507
0,2015,230244.8714,760042.0006
0,2015,218209.5981,747702.9541
0,2015,238039.1012,748962.1562
0.155555556,2015,231930.187,750705.8176
0.5,2015,195940.4572,722648.1341
0,2015,222939.5286,754909.8695
0.153846154,2015,191932.2477,715881.5537
0.130434783,2015,229724.1431,736118.36
0,2015,234657.9896,760394.3696
0.130434783,2015,181867.5257,659050.8326
0.5,2015,195924.5816,673075.2219
0.2,2015,197396.0549,670882.8685
0.16,2015,197056.5835,669377.863
0.1875,2015,209237.5569,711628.0992
0.045454545,2015,198261.0333,688411.176
0.063829787,2015,204928.3823,712312.9808
0,2015,185279.8773,574781.8654
0.461538462,2015,186075.0373,664914.1637
0,2015,195276.407,663147.693
0.27027027,2015,223062.4398,731638.8091
0,2015,255953.3204,763666.7383
0,2015,221258.3241,735858.6397
0.263157895,2015,213484.9019,633641.3781
0.292682927,2015,192736.1735,712855.8218
0.523809524,2015,161853.6833,603953.7757
0.210526316,2015,175960.9805,626640.5975
0.142857143,2015,186825.9903,573009.0864
0.257142857,2015,230795.1149,734451.6386
0.391304348,2015,226247.7155,768737.2069
0.4,2015,177411.3946,633029.8046
0.207920792,2015,227276.1034,757321.7084
0.24,2015,176773.2174,588617.2577
0.035714286,2015,192079.4112,711223.4433
0.094594595,2015,200207.991,645701.6199
0.037037037,2015,184634.6097,567181.8731
0,2015,203677.2981,696698.8723
0.034090909,2015,213374.6999,759652.9886
0,2015,228628.6452,763251.881
0.428571429,2015,194983.8805,656155.4612
0.48,2015,196084.9638,661964.4267
0,2015,209002.2049,708738.6726
0.153846154,2015,251316.8213,765400.7463
0.538461538,2015,197358.8695,741270.2953
0.62962963,2015,202602.1187,553029.9717
0.157894737,2015,212129.6086,735221.4453
0.385964912,2015,186588.3236,659471.3286
0.177777778,2015,204344.9586,741703.4878
0.384615385,2015,184930.6173,649631.406
0.333333333,2015,179217.7094,635457.1174
0.7,2015,220151.0134,573794.5091
0.35483871,2015,193982.2397,384601.1613
0.384615385,2015,199782.6636,624450.9704
0.227272727,2015,186798.4471,662934.9997
0.34375,2015,177362.0581,613281.6054
0.15,2015,196550.4375,666814.9584
0.345454545,2015,184507.9311,671981.2669
0.285714286,2015,175078.9669,643145.1924
0.036036036,2015,214214.9183,714102.0366
0.086956522,2015,196099.0598,682303.3879
0.285714286,2015,200706.3096,685368.4038
0.133333333,2015,253643.3399,790131.3797
0.17282127,2015,220183.7413,632033.9331
0.19047619,2015,216862.7944,668104.2558
0.223684211,2015,229773.99,632377.0976
0.5,2015,209242.4882,675419.0131
0.454545455,2015,215340.4011,641077.3407
0.083333333,2015,201590.9217,675174.4031
0.285714286,2015,210802.9693,622871.3749
0.25,2015,204437.4911,648815.6846
0.23495702,2015,198947.2387,744928.038
0,2015,265389.4708,766057.7314
0.076923077,2015,272000.9949,796891.5243
0.228959749,2015,180489.6796,665757.436
0.030769231,2015,204103.4231,702912.7022
0.52,2015,184664.9222,666370.5283
0.346153846,2015,176423.4831,657968.8081
0.315789474,2015,182247.9274,664184.7933
0.306122449,2015,184092.1638,675213.4927
0.145631068,2015,191964.8863,705012.6646
0.222988506,2015,179547.8525,657938.5887
0.147540984,2015,249488.8046,743591.7782
0.162790698,2015,210144.2812,745681.4784
0.267015707,2015,192723.2892,676090.6946
0.320987654,2015,189790.68,650979.2926
0.225146199,2015,159183.2739,618811.6413
0.192982456,2015,180734.4016,647841.026
0.131578947,2015,227728.0189,734143.2878
0.276595745,2015,186926.721,690287.2458
0.106666667,2015,228479.8393,752272.2282
0.238938053,2015,208329.246,758645.1294
0.2,2015,227459.6876,724073.5691
0.156862745,2015,197819.0115,708950.571
0.273603083,2015,189330.9033,666948.3729
0.229508197,2015,247792.468,764037.3763
0.622641509,2015,208058.4158,749680.3738
0.239202658,2015,180285.3817,652959.1938
0.293532338,2015,182861.8575,644475.9211
0.276923077,2015,188065.9515,648252.092
0.262536873,2015,183799.2091,663693.3378
0.279279279,2015,187849.7638,677143.1302
0.096774194,2015,216417.3184,745668.617
0.125,2015,218174.2477,751017.3587
0.112721417,2015,179975.3102,573353.3219
0.24742268,2015,209576.4694,768554.9245
0.375,2015,247138.8652,711634.0844
0.166666667,2015,196428.7174,719347.2143
0.333333333,2015,189533.9203,659908.3691
0.303030303,2015,209407.525,749073.2659
0.094827586,2015,207045.023,750441.7036
0.191176471,2015,189170.0528,672983.6101
0.142857143,2015,195299.4524,713965.2371
0,2016,251056.6139,763501.3077
0,2016,185249.3083,639415.0948
0.125,2016,163796.0529,579871.3594
0,2016,194965.9749,733200.043
0.263157895,2016,167582.8805,635675.818
0.117647059,2016,192480.4567,684407.1162
0.142857143,2016,173197.8992,633415.377
0.333333333,2016,193789.3813,691409.4079
0.428571429,2016,189481.6015,686635.7491
0.105263158,2016,192057.2281,687138.921
0.272727273,2016,188390.2327,663143.6488
0.3125,2016,210054.2295,729138.0086
0.289473684,2016,160457.8459,592170.0098
1,2016,183287.8371,677054.8301
0,2016,188437.1736,687179.7648
0,2016,183680.172,656296.0917
0.428571429,2016,183172.234,641066.4667
0.75,2016,210534.3263,634813.9596
0.048780488,2016,216186.6566,762891.9453
0.3125,2016,230532.1016,731813.4439
0.076923077,2016,238961.93,754631.5461
0.285714286,2016,234847.6576,745917.4556
0.1,2016,217247.3271,760702.7561
0.083333333,2016,235172.6575,733041.7111
0.019230769,2016,234775.6209,751882.9747
0.071428571,2016,205114.7589,733223.1475
0.078947368,2016,226046.4249,732145.6787
0.075471698,2016,219146.3886,762117.0998
0.24,2016,219710.219,753010.6368
0.096774194,2016,215528.6721,762047.8286
0.461538462,2016,232340.1829,739237.707
0.333333333,2016,224991.2982,745985.5534
0.166666667,2016,224843.8341,735939.3819
0.145833333,2016,224263.7874,758418.507
0.125,2016,230244.8714,760042.0006
0,2016,218209.5981,747702.9541
0,2016,238039.1012,748962.1562
0.078947368,2016,231930.187,750705.8176
0.333333333,2016,195940.4572,722648.1341
0.055555556,2016,222939.5286,754909.8695
0.5,2016,191932.2477,715881.5537
0.3,2016,229724.1431,736118.36
0.029411765,2016,234657.9896,760394.3696
0.25,2016,181867.5257,659050.8326
0.0625,2016,195924.5816,673075.2219
0.5,2016,197396.0549,670882.8685
0.125,2016,197056.5835,669377.863
0,2016,209237.5569,711628.0992
0.125,2016,198261.0333,688411.176
0.105263158,2016,204928.3823,712312.9808
0,2016,185279.8773,574781.8654
0.515151515,2016,186075.0373,664914.1637
0,2016,195276.407,663147.693
0.2,2016,223062.4398,731638.8091
0.333333333,2016,255953.3204,763666.7383
0.166666667,2016,221258.3241,735858.6397
0.363636364,2016,213484.9019,633641.3781
0.228571429,2016,192736.1735,712855.8218
0.3,2016,161853.6833,603953.7757
0.269230769,2016,175960.9805,626640.5975
0.25,2016,186825.9903,573009.0864
0.169811321,2016,230795.1149,734451.6386
0.366666667,2016,226247.7155,768737.2069
0.25,2016,177411.3946,633029.8046
0.259036145,2016,227276.1034,757321.7084
0.588235294,2016,176773.2174,588617.2577
0.05,2016,192079.4112,711223.4433
0.112676056,2016,200207.991,645701.6199
0.833333333,2016,184634.6097,567181.8731
0,2016,203677.2981,696698.8723
0.027522936,2016,213374.6999,759652.9886
0,2016,228628.6452,763251.881
0.5,2016,194983.8805,656155.4612
0.421052632,2016,196084.9638,661964.4267
0.153846154,2016,209002.2049,708738.6726
0.272727273,2016,251316.8213,765400.7463
0.333333333,2016,197358.8695,741270.2953
0.36,2016,202602.1187,553029.9717
0.263157895,2016,212129.6086,735221.4453
0.474576271,2016,186588.3236,659471.3286
0.054054054,2016,204344.9586,741703.4878
0.272727273,2016,184930.6173,649631.406
0.368421053,2016,179217.7094,635457.1174
0.4,2016,220151.0134,573794.5091
0.415384615,2016,193982.2397,384601.1613
0.357142857,2016,199782.6636,624450.9704
0.261904762,2016,186798.4471,662934.9997
0.2875,2016,177362.0581,613281.6054
0.357142857,2016,196550.4375,666814.9584
0.3125,2016,184507.9311,671981.2669
0.185185185,2016,175078.9669,643145.1924
0.029411765,2016,214214.9183,714102.0366
0.074074074,2016,196099.0598,682303.3879
0.151515152,2016,200706.3096,685368.4038
0.113207547,2016,253643.3399,790131.3797
0.227491409,2016,220183.7413,632033.9331
0.52,2016,216862.7944,668104.2558
0.361111111,2016,229773.99,632377.0976
1,2016,209242.4882,675419.0131
0.5,2016,215340.4011,641077.3407
0,2016,201590.9217,675174.4031
0.357142857,2016,210802.9693,622871.3749
0.571428571,2016,204437.4911,648815.6846
0.243037975,2016,198947.2387,744928.038
0.461538462,2016,265389.4708,766057.7314
0,2016,272000.9949,796891.5243
0.247635934,2016,180489.6796,665757.436
0.041666667,2016,204103.4231,702912.7022
0.448275862,2016,184664.9222,666370.5283
0.363321799,2016,176423.4831,657968.8081
0.267605634,2016,182247.9274,664184.7933
0.251748252,2016,184092.1638,675213.4927
0.171428571,2016,191964.8863,705012.6646
0.282660333,2016,179547.8525,657938.5887
0.22556391,2016,249488.8046,743591.7782
0.176870748,2016,210144.2812,745681.4784
0.252941176,2016,192723.2892,676090.6946
0.454545455,2016,189790.68,650979.2926
0.302040816,2016,159183.2739,618811.6413
0.188679245,2016,180734.4016,647841.026
0.086330935,2016,227728.0189,734143.2878
0.331764706,2016,186926.721,690287.2458
0.136690647,2016,228479.8393,752272.2282
0.291925466,2016,208329.246,758645.1294
0.206349206,2016,227459.6876,724073.5691
0.175257732,2016,197819.0115,708950.571
0.307216495,2016,189330.9033,666948.3729
0.144736842,2016,247792.468,764037.3763
0.58,2016,208058.4158,749680.3738
0.228021978,2016,180285.3817,652959.1938
0.213636364,2016,182861.8575,644475.9211
0.376470588,2016,188065.9515,648252.092
0.311188811,2016,183799.2091,663693.3378
0.287037037,2016,187849.7638,677143.1302
0.185185185,2016,216417.3184,745668.617
0.26,2016,218174.2477,751017.3587
0.133633634,2016,179975.3102,573353.3219
0.227272727,2016,209576.4694,768554.9245
0.1,2016,247138.8652,711634.0844
0.230769231,2016,196428.7174,719347.2143
0.4375,2016,189533.9203,659908.3691
0.363636364,2016,209407.525,749073.2659
0.138211382,2016,207045.023,750441.7036
0.216666667,2016,189170.0528,672983.6101
0.2,2016,195299.4524,713965.2371
0.75,2017,251056.6139,763501.3077
1,2017,185249.3083,639415.0948
0.291666667,2017,163796.0529,579871.3594
0,2017,194965.9749,733200.043
0.226912929,2017,167582.8805,635675.818
0.125,2017,192480.4567,684407.1162
0.115384615,2017,173197.8992,633415.377
0.333333333,2017,193789.3813,691409.4079
0.090909091,2017,189481.6015,686635.7491
0.461538462,2017,192057.2281,687138.921
0.4,2017,188390.2327,663143.6488
0.243243243,2017,210054.2295,729138.0086
0.482758621,2017,160457.8459,592170.0098
0.111111111,2017,183287.8371,677054.8301
0,2017,188437.1736,687179.7648
0.2,2017,183680.172,656296.0917
0.318181818,2017,183172.234,641066.4667
0,2017,210534.3263,634813.9596
0.066666667,2017,216186.6566,762891.9453
0.052631579,2017,230532.1016,731813.4439
0,2017,238961.93,754631.5461
1,2017,234847.6576,745917.4556
0.043478261,2017,217247.3271,760702.7561
0.375,2017,235172.6575,733041.7111
0,2017,234775.6209,751882.9747
0.029411765,2017,205114.7589,733223.1475
0.227272727,2017,226046.4249,732145.6787
0.031746032,2017,219146.3886,762117.0998
0,2017,219710.219,753010.6368
0.030769231,2017,215528.6721,762047.8286
0.041666667,2017,232340.1829,739237.707
0.05,2017,224991.2982,745985.5534
0.142857143,2017,224843.8341,735939.3819
0.086956522,2017,224263.7874,758418.507
0.052631579,2017,230244.8714,760042.0006
0,2017,218209.5981,747702.9541
0.125,2017,238039.1012,748962.1562
0.125,2017,231930.187,750705.8176
0.5,2017,195940.4572,722648.1341
0.111111111,2017,222939.5286,754909.8695
0.636363636,2017,191932.2477,715881.5537
0.066666667,2017,229724.1431,736118.36
0,2017,234657.9896,760394.3696
0.24,2017,181867.5257,659050.8326
0,2017,195924.5816,673075.2219
0.142857143,2017,197396.0549,670882.8685
0.25,2017,197056.5835,669377.863
0.307692308,2017,209237.5569,711628.0992
0.074074074,2017,198261.0333,688411.176
0,2017,204928.3823,712312.9808
0,2017,185279.8773,574781.8654
0.423076923,2017,186075.0373,664914.1637
0,2017,195276.407,663147.693
0.3125,2017,223062.4398,731638.8091
0.5,2017,255953.3204,763666.7383
0.333333333,2017,221258.3241,735858.6397
0.476190476,2017,213484.9019,633641.3781
0.393939394,2017,192736.1735,712855.8218
0.307692308,2017,161853.6833,603953.7757
0.75,2017,175960.9805,626640.5975
0,2017,186825.9903,573009.0864
0.140495868,2017,230795.1149,734451.6386
0.344827586,2017,226247.7155,768737.2069
1,2017,177411.3946,633029.8046
0.196428571,2017,227276.1034,757321.7084
0.333333333,2017,176773.2174,588617.2577
0,2017,192079.4112,711223.4433
0.057471264,2017,200207.991,645701.6199
0.75,2017,184634.6097,567181.8731
0.0625,2017,203677.2981,696698.8723
0,2017,213374.6999,759652.9886
0,2017,228628.6452,763251.881
0.571428571,2017,194983.8805,656155.4612
0.611111111,2017,196084.9638,661964.4267
0.222222222,2017,209002.2049,708738.6726
0.166666667,2017,251316.8213,765400.7463
0.210526316,2017,197358.8695,741270.2953
0.3,2017,202602.1187,553029.9717
0.25,2017,212129.6086,735221.4453
0.342857143,2017,186588.3236,659471.3286
0.157142857,2017,204344.9586,741703.4878
0.125,2017,184930.6173,649631.406
0.315789474,2017,179217.7094,635457.1174
0.714285714,2017,220151.0134,573794.5091
0.310344828,2017,193982.2397,384601.1613
0.343283582,2017,199782.6636,624450.9704
0.302631579,2017,186798.4471,662934.9997
0.324324324,2017,177362.0581,613281.6054
0.409090909,2017,196550.4375,666814.9584
0.369565217,2017,184507.9311,671981.2669
0.186046512,2017,175078.9669,643145.1924
0.171428571,2017,214214.9183,714102.0366
0.048780488,2017,196099.0598,682303.3879
0.13559322,2017,200706.3096,685368.4038
0.25,2017,253643.3399,790131.3797
0.239057239,2017,220183.7413,632033.9331
0.37037037,2017,216862.7944,668104.2558
0.277777778,2017,229773.99,632377.0976
1,2017,209242.4882,675419.0131
0,2017,215340.4011,641077.3407
0,2017,201590.9217,675174.4031
0.28,2017,210802.9693,622871.3749
0.583333333,2017,204437.4911,648815.6846
0.236409608,2017,198947.2387,744928.038
1,2017,265389.4708,766057.7314
0.2,2017,272000.9949,796891.5243
0.22678762,2017,180489.6796,665757.436
0.023809524,2017,204103.4231,702912.7022
0.467532468,2017,184664.9222,666370.5283
0.3003003,2017,176423.4831,657968.8081
0.397058824,2017,182247.9274,664184.7933
0.262195122,2017,184092.1638,675213.4927
0.170886076,2017,191964.8863,705012.6646
0.244493392,2017,179547.8525,657938.5887
0.14953271,2017,249488.8046,743591.7782
0.166666667,2017,210144.2812,745681.4784
0.351724138,2017,192723.2892,676090.6946
0.346153846,2017,189790.68,650979.2926
0.184931507,2017,159183.2739,618811.6413
0.189473684,2017,180734.4016,647841.026
0.094488189,2017,227728.0189,734143.2878
0.338666667,2017,186926.721,690287.2458
0.045454545,2017,228479.8393,752272.2282
0.286549708,2017,208329.246,758645.1294
0.248275862,2017,227459.6876,724073.5691
0.118181818,2017,197819.0115,708950.571
0.274336283,2017,189330.9033,666948.3729
0.146341463,2017,247792.468,764037.3763
0.604166667,2017,208058.4158,749680.3738
0.250712251,2017,180285.3817,652959.1938
0.271028037,2017,182861.8575,644475.9211
0.256097561,2017,188065.9515,648252.092
0.284916201,2017,183799.2091,663693.3378
0.189655172,2017,187849.7638,677143.1302
0.076923077,2017,216417.3184,745668.617
0.15,2017,218174.2477,751017.3587
0.130350195,2017,179975.3102,573353.3219
0.291044776,2017,209576.4694,768554.9245
0.058823529,2017,247138.8652,711634.0844
0.375,2017,196428.7174,719347.2143
0.25,2017,189533.9203,659908.3691
0.422222222,2017,209407.525,749073.2659
0.168316832,2017,207045.023,750441.7036
0.283333333,2017,189170.0528,672983.6101
0.333333333,2017,195299.4524,713965.2371
