x,y,trafiic_signal
180381,666792,1
178268,665262,1
178741,666077,1
179540,664549,1
179491,665204,1
180989,664326,1
181733,663176,1
182372,662869,1
184018,660615,1
179823,664539,1
180679,664193,1
180749,664415,1
181444,664166,1
185832,662202,1
184379,662719,1
181530,663704,1
185766,662359,1
180816,653730,1
181051,654135,1
180233,652500,1
179381,665426,1
179920,665759,1
179080,664844,1
179781,664783,1
179526,664764,1
178325,665563,1
180810,665900,1
178651,666357,1
178529,666130,1
228905,735058,1
186969,663861,1
186725,662305,1
187341,662468,1
180632,665111,1
179755,653976,1
221610,631447,1
220570,632042,1
220526,631968,1
220666,632189,1
219818,632242,1
219893,631506,1
219289,632180,1
219491,632151,1
220573,631622,1
220527,631846,1
220323,631040,1
220121,630818,1
221094,633427,1
222137,634124,1
222290,634846,1
221940,633870,1
178541,665516,1
178409,665255,1
178287,665000,1
178802,666323,1
178885,666646,1
179595,666165,1
179643,666471,1
179657,666566,1
219544,632882,1
219848,633296,1
221327,630729,1
221551,630952,1
221411,629959,1
221338,629797,1
220797,632399,1
220703,632441,1
220698,632596,1
219947,632184,1
221598,632318,1
219404,635121,1
218637,635840,1
216499,637729,1
222395,633724,1
220262,631293,1
221082,631063,1
220720,631376,1
220861,631229,1
220452,631990,1
222413,635014,1
221410,632466,1
220779,632843,1
220902,629049,1
220537,627989,1
220448,628029,1
219486,628677,1
220466,629654,1
220826,630044,1
219537,630140,1
218988,628969,1
220109,633659,1
220451,629474,1
220398,629160,1
220964,629027,1
220813,628586,1
221222,629562,1
221427,630118,1
220948,631157,1
190755,635413,1
176743,625231,1
178472,664138,1
178791,665237,1
178880,664846,1
178175,665265,1
178128,665056,1
177958,664571,1
179609,662551,1
179588,662456,1
179478,662616,1
179966,662398,1
179317,664377,1
178790,665463,1
181750,667725,1
182330,674200,1
182400,674142,1
250914,743779,1
250838,743760,1
238994,731599,1
237089,729783,1
218275,719840,1
207702,711989,1
179078,663640,1
179171,662940,1
179676,662425,1
179179,660688,1
181514,659026,1
178899,666037,1
178955,666293,1
179029,666630,1
179706,666821,1
180251,665670,1
180387,666477,1
177761,663717,1
178357,663671,1
187121,666536,1
219764,733990,1
181550,674558,1
181614,675041,1
181604,674992,1
183861,674507,1
184835,674339,1
185318,674657,1
182050,674398,1
182187,674307,1
181877,674467,1
183418,574035,1
177058,614910,1
195289,722014,1
192035,707918,1
191106,700033,1
191624,697815,1
187879,692392,1
188405,692320,1
199072,748077,1
206147,745873,1
207551,746986,1
208765,756644,1
209405,758222,1
208816,761876,1
209130,764964,1
224083,769930,1
215899,750464,1
198781,690962,1
200119,690929,1
239416,758591,1
234795,759729,1
196723,650544,1
197506,735135,1
190989,663448,1
191221,661615,1
191147,661993,1
183556,670120,1
183863,668244,1
183011,669497,1
163060,621024,1
172327,623147,1
187898,667037,1
189355,664732,1
180991,665352,1
191198,692223,1
187788,666469,1
219577,626525,1
229626,634092,1
230837,634633,1
189979,667996,1
250869,743600,1
248809,744704,1
250312,744298,1
219462,630472,1
218518,630462,1
197216,743964,1
199072,742654,1
186930,664521,1
194628,652282,1
192712,709618,1
237280,717433,1
186996,688166,1
186789,688225,1
186549,688285,1
186853,692763,1
186728,692815,1
186801,692616,1
186804,691569,1
182762,643441,1
183128,643491,1
179498,665428,1
179380,665205,1
178654,665242,1
216940,753571,1
217333,755346,1
215912,757442,1
186737,676794,1
186389,676897,1
186444,677146,1
183049,676308,1
185057,676016,1
186168,675887,1
187095,676699,1
189218,677611,1
187294,677702,1
188444,678112,1
188395,677989,1
188808,676247,1
188355,677702,1
189277,678177,1
185886,675652,1
188509,690840,1
187972,690967,1
187029,690980,1
207757,747731,1
187284,688137,1
186745,686586,1
179690,661597,1
178559,662020,1
177815,661809,1
179684,629847,1
189225,647774,1
193193,691976,1
190471,687774,1
188955,677679,1
188883,678156,1
191132,677083,1
186768,670323,1
186670,692239,1
186155,692535,1
189148,692227,1
188970,676204,1
185889,675908,1
189241,677753,1
189264,677904,1
187374,676626,1
187642,676568,1
188113,676444,1
186576,690987,1
186536,690794,1
194912,709438,1
192118,704907,1
191874,705371,1
192218,705252,1
192523,705152,1
194898,705989,1
196181,705976,1
199670,707902,1
180577,667794,1
179696,667314,1
179554,667693,1
181115,666432,1
179387,664787,1
188223,677703,1
183976,633534,1
200459,382949,1
189264,676127,1
189634,676052,1
186513,677415,1
187951,676487,1
192149,707912,1
180771,670003,1
194859,663838,1
194901,663973,1
183033,674255,1
182287,674801,1
182396,674765,1
184138,676147,1
183324,669334,1
183681,669223,1
184745,672034,1
183641,669907,1
185319,674212,1
185299,673589,1
188655,677695,1
189085,676954,1
188360,676379,1
188692,676277,1
184027,675339,1
182790,676339,1
188551,676329,1
180378,586790,1
186297,674376,1
191544,675794,1
181418,671999,1
188600,648454,1
180339,629987,1
187074,692312,1
186897,677720,1
186578,677767,1
183033,642058,1
161429,602178,1
171329,582205,1
190630,579572,1
187182,687755,1
187535,688646,1
192090,685287,1
192208,685320,1
178409,663449,1
182101,645361,1
182068,645438,1
181491,646583,1
181003,647995,1
179824,647764,1
178417,647627,1
181446,658408,1
181271,658125,1
180504,657497,1
189741,692181,1
180747,573312,1
180314,572534,1
181427,646231,1
180608,572227,1
180696,572031,1
180207,571827,1
181504,572604,1
181380,572665,1
213858,618783,1
186744,692466,1
181258,570615,1
181351,569938,1
180811,573837,1
178221,573660,1
189064,691548,1
180062,572434,1
180177,572336,1
180294,572236,1
179870,572573,1
179436,573263,1
180474,572634,1
180599,572560,1
180631,572810,1
179647,664100,1
179176,663616,1
179127,663696,1
178987,663670,1
179107,663976,1
179085,663126,1
180532,663515,1
180637,667473,1
187223,687970,1
186931,686917,1
187006,687181,1
187083,687458,1
186372,660213,1
179230,663679,1
179972,663632,1
179964,666086,1
179495,665298,1
187208,694273,1
182816,573350,1
182028,572677,1
181757,572576,1
186082,692440,1
186327,689015,1
179506,666567,1
179318,665919,1
179100,665221,1
187058,694290,1
186895,692891,1
187272,693088,1
186930,693140,1
178434,662093,1
178502,662462,1
178922,662483,1
178499,662637,1
179751,661611,1
178739,661892,1
179435,664571,1
194551,669086,1
194423,669641,1
179729,661922,1
178452,663214,1
178674,662603,1
178615,662840,1
180696,664449,1
179442,661640,1
178620,662466,1
178470,663107,1
179779,662969,1
181752,669797,1
180498,670050,1
180243,667795,1
221377,632359,1
180179,665076,1
176088,641838,1
181189,649356,1
183235,656521,1
182092,654253,1
181833,653330,1
181494,652392,1
181344,650570,1
178505,663978,1
181958,575571,1
179715,664539,1
179699,664778,1
185616,687796,1
185619,689684,1
253668,781229,1
253775,772371,1
181409,668959,1
180584,668883,1
181062,668926,1
181427,669495,1
181501,669858,1
179415,666202,1
179142,665385,1
236206,717852,1
178768,666735,1
178847,666987,1
178866,667065,1
179015,667026,1
179427,663273,1
179845,663301,1
179829,663233,1
181185,663512,1
181592,663400,1
180458,662366,1
181276,662300,1
181168,661590,1
182501,661324,1
181865,662653,1
179175,665962,1
178966,665426,1
178917,665233,1
181996,674424,1
182251,674262,1
178750,666679,1
178954,666899,1
179217,666605,1
188853,659439,1
185568,664757,1
185293,664854,1
180518,665603,1
187605,692434,1
187000,693862,1
187164,692641,1
186647,693547,1
186712,693535,1
186954,693519,1
181508,666233,1
182727,666211,1
183184,666372,1
181698,665873,1
181848,666099,1
180377,664536,1
209629,767843,1
209336,767920,1
209020,767982,1
186215,692965,1
187125,692489,1
187214,692917,1
209265,766004,1
189134,691807,1
186812,685643,1
190832,690125,1
185604,687850,1
185410,688248,1
186403,687711,1
186500,688081,1
191734,704505,1
192258,704869,1
192356,705222,1
192938,704648,1
192696,705096,1
192296,704366,1
192811,704194,1
185722,687644,1
194522,666642,1
194817,666336,1
191170,664887,1
191054,664944,1
195768,659063,1
193214,658174,1
194795,662180,1
221529,633008,1
195080,676278,1
218927,632649,1
218736,633146,1
218975,632924,1
219065,632942,1
166598,632789,1
166035,633109,1
166279,632240,1
168082,634946,1
168182,635073,1
165761,632657,1
162381,618635,1
162232,618718,1
159608,618945,1
187448,684702,1
171752,636107,1
186282,674985,1
185119,674916,1
184933,674821,1
185886,674640,1
185889,674904,1
186507,690596,1
199098,743222,1
199037,743337,1
199573,743707,1
201656,743175,1
181960,646811,1
209249,765906,1
209254,767506,1
200243,747176,1
200752,745515,1
200020,746402,1
200203,745578,1
200082,746199,1
200119,746258,1
200058,746471,1
200205,746280,1
200598,745756,1
200660,745652,1
200516,745707,1
199864,745074,1
196229,747495,1
198901,747136,1
199086,745473,1
199152,745588,1
202888,743870,1
206847,749818,1
209140,751474,1
209698,768179,1
193156,704595,1
193037,704987,1
191904,704464,1
190295,705836,1
191483,706822,1
202371,646772,1
169239,632409,1
186934,686862,1
200689,687341,1
184596,671691,1
190471,655231,1
191304,655176,1
186216,687323,1
186394,689463,1
187275,662977,1
193667,713737,1
184780,657343,1
187503,660034,1
218381,628528,1
193252,704553,1
187268,692570,1
195740,657135,1
192198,654634,1
194201,654526,1
189940,650420,1
190112,650253,1
189673,650072,1
182228,650712,1
181400,650929,1
183594,652662,1
181496,652159,1
182787,652939,1
181126,653632,1
175261,655915,1
175761,655728,1
166034,631816,1
179149,663778,1
207633,758832,1
193372,704325,1
191439,705073,1
198792,748163,1
199270,747891,1
196578,679376,1
196767,679338,1
196150,675359,1
200710,646208,1
201040,645122,1
202260,646702,1
181711,664726,1
187192,663154,1
187364,662569,1
180832,666492,1
180750,665555,1
181213,652370,1
181289,652053,1
181109,651339,1
180300,651463,1
181452,651291,1
180365,651729,1
178857,654246,1
185505,666637,1
179268,654125,1
180592,663819,1
181471,652057,1
179702,652693,1
182749,657435,1
183173,656449,1
181874,653443,1
180945,653506,1
181170,652725,1
186256,662277,1
198342,748321,1
177617,658089,1
177685,658076,1
177396,658137,1
181063,653186,1
183918,667521,1
178571,654423,1
177769,654856,1
178134,655602,1
177936,655197,1
178137,655877,1
178451,655418,1
178570,655359,1
178948,655172,1
178744,654790,1
178218,655542,1
178245,655065,1
177891,655108,1
184185,660556,1
180438,653909,1
180342,653907,1
179645,653773,1
178251,654589,1
177704,653771,1
176982,654163,1
183972,667344,1
182559,655618,1
184973,668827,1
184132,668232,1
181276,665393,1
181284,665809,1
181250,664231,1
181197,652559,1
181479,652591,1
217431,629292,1
221501,630497,1
221002,626493,1
222447,633615,1
177787,664031,1
178227,664479,1
181420,651835,1
181625,646673,1
187096,647074,1
187233,647196,1
182668,674176,1
196469,668182,1
197216,667533,1
194503,669040,1
194602,669234,1
194562,669448,1
194296,663904,1
193860,663886,1
194109,651462,1
193920,651486,1
182151,674862,1
178593,663384,1
178641,663238,1
178439,663287,1
194397,651264,1
189509,645448,1
216917,641988,1
181642,652957,1
181474,652690,1
181567,652867,1
181149,652898,1
181222,652280,1
190621,635372,1
176017,659748,1
175940,659760,1
175866,659353,1
176681,660176,1
176502,659665,1
176518,660559,1
177036,660614,1
177427,660497,1
177397,660383,1
177590,660680,1
177342,660425,1
176984,660469,1
178030,660406,1
189387,645096,1
176333,660339,1
179246,660614,1
179113,660437,1
177360,661895,1
177468,661919,1
177961,662468,1
177709,661299,1
178050,661163,1
178349,660288,1
182203,654557,1
182596,654461,1
183395,653229,1
182288,653726,1
183772,652818,1
185039,653517,1
183333,652303,1
181961,653803,1
182406,654513,1
182183,653190,1
182246,652181,1
184999,666638,1
185138,665424,1
185010,665892,1
176349,642271,1
176479,642202,1
176611,641894,1
181967,640934,1
199914,742602,1
175860,658904,1
176092,658501,1
175738,657641,1
175459,657667,1
175847,658045,1
175674,657226,1
176296,656830,1
177010,656614,1
177363,656545,1
175814,658006,1
185291,673797,1
185295,673409,1
187451,649516,1
183218,652132,1
182849,652241,1
176068,659362,1
176090,658890,1
176066,659228,1
175870,659136,1
176789,658072,1
181741,646445,1
180020,654727,1
179806,654131,1
178641,654383,1
225936,768988,1
226203,768848,1
227936,767773,1
234706,759800,1
228698,734574,1
227932,733736,1
228192,733638,1
228254,733382,1
227588,731128,1
205421,747108,1
206597,746313,1
207278,746718,1
199536,746677,1
199964,747173,1
199623,747675,1
200638,746707,1
182775,651505,1
182591,651272,1
181929,650921,1
181938,652139,1
195873,667641,1
194915,666915,1
180292,645047,1
180780,644766,1
182079,663748,1
182624,664934,1
215637,760740,1
171567,617166,1
167199,621286,1
181993,665696,1
181648,666182,1
181601,665759,1
179192,665555,1
179030,665660,1
178839,665761,1
178673,665817,1
179386,665004,1
178941,664603,1
180299,668855,1
197165,720983,1
186300,675103,1
197622,679181,1
198362,680810,1
198693,682058,1
198993,690953,1
200114,747088,1
179111,665978,1
178764,664708,1
178598,664807,1
166902,633323,1
167313,633165,1
175135,643894,1
178564,663471,1
180883,668909,1
184938,672537,1
183611,670008,1
202747,647071,1
185320,675984,1
186209,675554,1
201819,552312,1
191433,659101,1
186965,658588,1
181952,645684,1
172321,636841,1
190646,655217,1
185398,687737,1
227647,723805,1
227794,724026,1
184480,671198,1
239565,732864,1
179559,665850,1
179566,664276,1
178391,664936,1
181781,658730,1
179808,657372,1
182052,658415,1
179502,665614,1
188662,665820,1
187033,665964,1
186986,665483,1
188648,665425,1
187331,666514,1
188643,666587,1
186850,667012,1
187959,667392,1
187647,667290,1
187761,667891,1
187729,668654,1
178113,664765,1
178035,664775,1
181787,674044,1
181736,674082,1
181329,668180,1
184570,674389,1
188239,676411,1
181131,666257,1
185692,666612,1
180890,665480,1
182678,668338,1
180745,666863,1
180055,666461,1
180003,666461,1
180566,665955,1
219612,630246,1
218940,631940,1
220153,632582,1
193082,691974,1
181591,665585,1
182895,666746,1
168023,618047,1
182515,668130,1
182838,668674,1
181487,667659,1
181690,661471,1
185559,674128,1
182559,661873,1
180498,661648,1
186886,659249,1
183683,669546,1
183415,668163,1
186684,666612,1
180270,662964,1
200748,645170,1
199910,643051,1
199909,642960,1
177721,617809,1
174527,617009,1
172204,617066,1
183535,633265,1
182901,643071,1
220872,633091,1
220928,633174,1
200724,644968,1
183950,674853,1
184007,675077,1
179295,665212,1
186367,686815,1
186630,686625,1
180208,668007,1
180259,668623,1
180449,669768,1
188629,674362,1
188690,674363,1
190938,665504,1
190505,667660,1
190849,667092,1
186316,687470,1
186050,687169,1
185365,689821,1
188264,684683,1
186369,689341,1
197615,628286,1
186313,692410,1
195912,644736,1
177640,663369,1
178679,663120,1
178091,664615,1
212476,735223,1
178303,663606,1
177066,662410,1
177557,663126,1
201385,646282,1
183918,643164,1
186131,667486,1
188478,667042,1
187999,666468,1
188502,667922,1
176069,658290,1
177918,658013,1
178395,657905,1
178880,657825,1
179822,657559,1
179901,658859,1
179738,659146,1
179284,659491,1
179071,659532,1
178745,656891,1
179135,656920,1
180275,656922,1
178214,656912,1
178503,656877,1
179769,656951,1
179739,658111,1
180899,658963,1
180474,658620,1
180076,658407,1
181004,659506,1
182072,657994,1
184964,575366,1
186509,661879,1
184094,675845,1
186935,692730,1
183207,663180,1
183264,663000,1
177118,662459,1
177857,662823,1
177024,661528,1
191824,705964,1
180566,664478,1
176424,658199,1
191531,694587,1
183735,668617,1
182947,642807,1
185590,675962,1
190216,673631,1
190190,674006,1
195082,672491,1
194264,670093,1
189929,675794,1
189845,675721,1
189996,675689,1
189533,677544,1
192250,678453,1
201976,743412,1
201597,743073,1
201101,741788,1
201173,742290,1
200493,745883,1
203642,744103,1
208906,750242,1
209396,758390,1
253474,788963,1
202240,743218,1
199054,743892,1
196801,746830,1
196229,746481,1
202056,701992,1
184500,665219,1
184628,665580,1
184689,668459,1
184536,669545,1
185513,663570,1
185966,663880,1
184448,665894,1
184822,665072,1
183108,666897,1
180138,664516,1
179949,664077,1
178491,664064,1
178955,663521,1
178790,663450,1
178755,663545,1
178716,663665,1
178723,664339,1
178449,663781,1
178247,663652,1
178394,663572,1
178019,664400,1
178181,664347,1
178425,664240,1
178363,664366,1
177992,664330,1
183492,674475,1
177128,626749,1
180922,664909,1
194248,666875,1
194295,666844,1
195623,665678,1
190171,674404,1
194397,668935,1
183822,669546,1
181466,672116,1
193425,676193,1
194136,675802,1
191792,675726,1
192056,675654,1
194119,668119,1
176360,659280,1
176222,658995,1
175843,658467,1
187487,661415,1
176941,658112,1
175918,658562,1
177776,658972,1
177574,658977,1
177503,658993,1
195349,709499,1
177166,661010,1
196603,706157,1
198953,707224,1
206176,711473,1
168569,630580,1
166183,633645,1
202592,709699,1
211520,713349,1
176949,659012,1
176946,658834,1
192310,678526,1
159992,620537,1
158563,619214,1
163035,620547,1
161111,620387,1
160695,620272,1
192626,676679,1
190912,675627,1
190677,692260,1
201539,742814,1
201371,742662,1
201313,742146,1
214112,715447,1
191771,705947,1
191776,671337,1
182139,650532,1
184399,664666,1
183658,665530,1
199196,748064,1
193489,711878,1
191628,706400,1
194004,675920,1
190865,676813,1
190098,675974,1
176494,642910,1
176119,642986,1
190509,676075,1
175607,643423,1
178502,662742,1
182824,644804,1
182287,644673,1
187353,667752,1
178642,636313,1
181991,643730,1
181842,643960,1
182211,645000,1
180982,644864,1
182035,645514,1
176420,642688,1
175847,641953,1
175130,633761,1
184382,643742,1
178943,644069,1
221129,629266,1
180329,669126,1
177301,661437,1
178214,661418,1
181411,664737,1
181352,664564,1
183117,663290,1
184664,662324,1
185094,660436,1
185674,660340,1
183965,670611,1
197663,628380,1
176747,611797,1
201155,743004,1
167913,635541,1
168636,633492,1
168191,631880,1
199341,747134,1
200170,746322,1
200272,746444,1
201219,745528,1
201617,745119,1
204984,741468,1
189334,649502,1
174944,644003,1
182204,669602,1
182337,669571,1
169149,632495,1
165559,625877,1
162765,619415,1
158610,610856,1
184024,667144,1
184107,667015,1
178363,665169,1
178436,664906,1
178552,664195,1
180204,663575,1
180048,663612,1
181889,667770,1
182861,668980,1
182739,669545,1
227623,728257,1
203312,741199,1
204852,741376,1
168936,637383,1
232553,727266,1
226354,757394,1
183126,669686,1
182582,669550,1
200950,645063,1
213701,769047,1
183666,668996,1
183780,668492,1
183522,669236,1
183670,669053,1
184044,669552,1
183188,669760,1
183661,668819,1
198801,745282,1
200455,744936,1
200150,745567,1
193434,675239,1
192565,675515,1
192355,676775,1
190996,675943,1
191289,675863,1
233233,727683,1
196703,706194,1
202286,705546,1
202061,706350,1
166940,635065,1
167706,635174,1
159360,619660,1
220790,632923,1
222093,635394,1
192324,675581,1
183132,676287,1
159664,619744,1
161060,618829,1
184707,654033,1
192193,675616,1
249938,744719,1
249474,744619,1
250517,744173,1
212742,620428,1
208289,603809,1
208478,603785,1
209599,607704,1
224385,681318,1
225023,680905,1
209292,606178,1
224482,680961,1
224575,681073,1
209376,606714,1
225859,680296,1
225509,680501,1
224238,681402,1
224653,681174,1
208500,604351,1
208531,604586,1
219737,646409,1
212658,668797,1
196811,743406,1
196898,748289,1
199150,748000,1
199430,746882,1
198937,743591,1
198940,743645,1
198836,747728,1
201248,742629,1
209036,761461,1
180754,667816,1
177480,662961,1
184142,670830,1
184804,672228,1
185165,671578,1
191898,700024,1
191611,695999,1
184315,666740,1
184415,666614,1
185126,666648,1
185140,666942,1
181144,663820,1
179374,667316,1
179291,667302,1
186351,666626,1
187091,666348,1
186891,666370,1
180487,662669,1
181992,645603,1
181078,648520,1
182167,645184,1
182695,645314,1
182249,644819,1
181088,645158,1
184444,667500,1
166266,634793,1
167005,634411,1
178452,652658,1
179788,652912,1
179305,653101,1
179179,653926,1
178869,653315,1
183911,662891,1
179265,651309,1
182325,644501,1
200225,644578,1
179104,643946,1
201646,741321,1
198818,744708,1
200955,741731,1
183511,669962,1
200255,742509,1
203773,709883,1
203227,709795,1
198870,744998,1
200956,741653,1
204193,740863,1
239556,732163,1
214915,757538,1
199681,743684,1
199944,743589,1
201410,743741,1
200448,743749,1
224910,769515,1
212007,757860,1
177882,663999,1
178925,663597,1
178521,663596,1
183176,669406,1
206161,748105,1
196669,740677,1
183922,663029,1
226113,737253,1
196850,742013,1
200120,746388,1
200079,746331,1
198849,744645,1
199169,744593,1
201131,743083,1
199032,743949,1
180731,668877,1
228749,734579,1
218016,626436,1
182002,666206,1
196370,746525,1
178562,661104,1
178506,661166,1
221559,637375,1
190397,698203,1
220319,628086,1
219868,640519,1
225083,769393,1
216330,768963,1
167279,635676,1
167796,635329,1
167909,634788,1
166059,634426,1
166290,634295,1
167030,633551,1
166483,633482,1
167695,633917,1
182804,652799,1
182185,652708,1
238283,759180,1
187914,660096,1
209063,750582,1
189358,666844,1
189372,666354,1
189650,665946,1
189907,666698,1
209087,750158,1
208782,750067,1
189288,666310,1
190166,666526,1
190837,666106,1
189094,666761,1
189681,664999,1
191511,665256,1
188865,666688,1
181048,669931,1
190997,669193,1
180682,661663,1
180391,662371,1
189763,665069,1
190327,665829,1
190064,665320,1
190217,667238,1
219454,632779,1
180500,663248,1
248333,743883,1
196622,746615,1
250585,744142,1
250094,744404,1
250929,743463,1
249055,744938,1
210072,745731,1
199334,744641,1
198970,745367,1
202303,744472,1
185292,570035,1
184023,574465,1
178697,662700,1
179150,662416,1
178347,662127,1
177875,661910,1
177084,660749,1
178353,660683,1
179038,663351,1
188611,666380,1
219072,632542,1
195732,657840,1
186946,664071,1
185504,663655,1
179746,651551,1
181827,652688,1
179962,661593,1
179408,651433,1
190283,652893,1
176321,626172,1
177911,664078,1
177864,664245,1
178872,660901,1
179538,662345,1
179004,662607,1
177290,654961,1
177527,656539,1
179149,660644,1
182659,643571,1
190142,674964,1
184357,663422,1
194461,651182,1
201845,743036,1
177970,658993,1
179005,658913,1
178815,658923,1
183004,642316,1
188837,664991,1
218505,629340,1
219905,632687,1
184910,671624,1
167843,637167,1
181851,661425,1
181959,661397,1
182150,661376,1
181223,661917,1
181351,661555,1
181763,645981,1
176530,658197,1
176769,657890,1
176376,656992,1
176805,656689,1
176931,657211,1
176515,657314,1
196890,691148,1
194616,691795,1
196582,745205,1
179908,651526,1
200200,644508,1
182234,662458,1
180907,662327,1
182485,657694,1
162005,618085,1
166504,627787,1
181167,665195,1
190005,666889,1
189899,667041,1
188500,667553,1
186694,667588,1
181428,668659,1
182387,669585,1
211509,633493,1
178930,658334,1
179901,658011,1
178162,656502,1
178520,658638,1
177888,657061,1
178449,659888,1
190705,671104,1
191047,664486,1
191981,676877,1
185235,657737,1
190568,659156,1
189873,659298,1
209992,745152,1
210128,746409,1
210940,746684,1
210996,746507,1
164502,619200,1
187394,665436,1
186661,666452,1
176206,655530,1
186491,662298,1
191888,665061,1
206075,746658,1
199554,746755,1
209932,744952,1
201275,745229,1
181447,656684,1
181172,657027,1
180986,657762,1
181371,657205,1
181593,656997,1
181236,665717,1
183666,656798,1
183836,656950,1
188447,666389,1
178159,656317,1
210094,746035,1
211086,746143,1
211028,747194,1
190202,672299,1
209625,745538,1
195783,651004,1
159389,612400,1
159312,619017,1
159008,619157,1
160739,615177,1
186916,666561,1
209861,744640,1
179498,658880,1
179252,658893,1
179518,659444,1
179224,658311,1
178961,658615,1
208774,745423,1
178152,658438,1
179187,657753,1
191198,677169,1
177916,657531,1
181840,658311,1
182011,657693,1
210022,745696,1
179521,657652,1
180427,658598,1
180442,657979,1
178847,657641,1
178991,658822,1
192078,654648,1
208305,712084,1
182523,651186,1
195198,672799,1
178748,659354,1
191246,661110,1
209103,763004,1
178048,659373,1
199171,743447,1
199006,743392,1
192723,673150,1
190222,673024,1
181287,663153,1
200662,646160,1
185920,663787,1
199387,747475,1
200840,745553,1
194358,655113,1
240979,742938,1
181286,662944,1
178956,662968,1
183815,667653,1
170227,637502,1
159943,618926,1
160578,618956,1
161564,618719,1
199294,743038,1
198803,745159,1
179568,665999,1
176473,655380,1
178640,654590,1
194411,719741,1
160225,614256,1
191637,671211,1
208034,749317,1
200862,645121,1
179175,649320,1
192174,667325,1
184410,664774,1
178007,655375,1
178335,653385,1
178983,653572,1
183943,663734,1
184372,663711,1
162505,603680,1
181015,647792,1
184472,662580,1
198779,748594,1
186034,667022,1
182407,665991,1
182655,666176,1
182288,665878,1
194230,691832,1
195879,644345,1
177795,658045,1
177919,658352,1
178088,659559,1
221700,629119,1
193327,674853,1
177379,658991,1
177285,658981,1
200917,645296,1
176399,659444,1
179189,647662,1
184842,644431,1
183363,663252,1
184335,664143,1
200565,645238,1
180732,647967,1
177811,656505,1
203786,744192,1
193190,674525,1
193222,674616,1
182290,661360,1
190835,675175,1
195097,672560,1
185977,666756,1
190843,675286,1
183416,666436,1
181743,665802,1
213389,668469,1
200348,745912,1
200281,746004,1
200388,746014,1
184440,662658,1
214382,630102,1
195243,673329,1
203095,743880,1
190866,675456,1
202390,744505,1
202360,745078,1
208099,751804,1
207746,751480,1
207718,751226,1
207212,750225,1
206774,749696,1
206375,748833,1
199927,747444,1
193736,651500,1
206176,748181,1
206237,748410,1
206589,749305,1
207735,750949,1
208609,749737,1
189854,677568,1
201282,745455,1
200433,745839,1
175015,624613,1
206335,748585,1
209197,751787,1
209130,751158,1
178092,654701,1
177685,655313,1
177633,655212,1
227683,729036,1
195224,673474,1
222354,634674,1
203816,742703,1
203508,742983,1
204056,742482,1
207994,749364,1
166716,635564,1
166631,635149,1
167805,633210,1
167946,632019,1
183123,656673,1
178461,647022,1
178788,653967,1
179479,653486,1
220976,627723,1
200426,744145,1
205063,741519,1
204568,742011,1
181207,645012,1
191270,677052,1
205199,741298,1
198383,562016,1
168600,632681,1
189550,650753,1
192140,671629,1
225449,769170,1
220382,627782,1
186674,646708,1
197665,679563,1
208910,768003,1
206623,711736,1
230949,726152,1
210148,729601,1
200562,746917,1
209433,766708,1
209413,766547,1
191077,669893,1
190957,670683,1
191038,669739,1
189686,666925,1
195555,654620,1
207673,758936,1
184921,666989,1
209102,764801,1
220368,733793,1
208913,758530,1
181909,652693,1
182320,652198,1
199033,745384,1
196964,743992,1
200114,743613,1
200214,743651,1
177857,663911,1
191602,677706,1
222793,721865,1
226174,758553,1
209859,741472,1
207600,740320,1
208587,740843,1
179112,574147,1
178082,573458,1
207850,748297,1
190497,579464,1
189457,647075,1
180451,572412,1
181024,572187,1
183269,644529,1
181439,664995,1
221490,757767,1
217346,757481,1
191991,678197,1
178928,650972,1
178380,650730,1
193562,715571,1
179272,662724,1
182683,668286,1
184851,669420,1
202646,743932,1
218761,630376,1
218621,630432,1
227465,726067,1
190387,667386,1
177760,645508,1
199702,742697,1
179839,579989,1
183549,570497,1
183699,570442,1
235232,728371,1
197221,744215,1
203288,743944,1
182201,611987,1
184943,634593,1
198948,638502,1
191324,656902,1
205251,745271,1
205057,745069,1
205781,747645,1
205643,747415,1
178139,656145,1
216139,751525,1
182522,652753,1
233609,760185,1
175774,641128,1
178324,619431,1
182483,653042,1
182868,653477,1
182316,653134,1
162680,591665,1
161524,617298,1
181603,667938,1
180586,665053,1
180215,664915,1
179334,657709,1
179192,657849,1
220918,633653,1
179738,662854,1
180186,665232,1
167410,632303,1
183979,667263,1
249222,744820,1
250869,744322,1
184863,668411,1
210234,729528,1
210138,729681,1
182596,674168,1
183909,667664,1
179992,658626,1
177999,662235,1
184214,670934,1
178515,647577,1
180309,664342,1
176687,657644,1
184471,671348,1
168227,631835,1
167372,634116,1
166972,632555,1
168986,637374,1
166493,634167,1
166726,634557,1
166064,633467,1
167129,635444,1
166421,635194,1
167737,633005,1
202497,743023,1
189090,648018,1
177532,660458,1
177510,660392,1
178285,664490,1
189846,675874,1
178990,663443,1
204554,745161,1
204512,745190,1
207117,745926,1
208752,746695,1
207048,746007,1
177450,662499,1
177467,662711,1
176944,660394,1
222468,637137,1
221637,632445,1
210383,731057,1
210481,730928,1
210526,730885,1
210403,730886,1
218782,629425,1
218860,628590,1
218830,627850,1
182802,649751,1
183208,650135,1
186574,650982,1
181694,644404,1
181678,644492,1
199107,644654,1
181802,644469,1
178807,655226,1
179293,660644,1
179723,662946,1
180054,662958,1
179901,662953,1
179293,663383,1
180601,656894,1
214179,745698,1
214002,745755,1
182915,644442,1
174534,644091,1
181047,665849,1
185041,575498,1
182988,570625,1
178471,658391,1
180766,657528,1
180620,657711,1
181035,657195,1
180448,656919,1
180183,662402,1
217002,642053,1
175388,643725,1
177341,657925,1
216502,641083,1
219399,634857,1
219416,634929,1
219556,634311,1
216564,640562,1
216508,640419,1
168167,617983,1
179810,612948,1
175073,624684,1
171912,636210,1
172238,636739,1
180648,653841,1
178827,659115,1
185065,665740,1
207934,748449,1
209194,765286,1
209061,762767,1
183605,650114,1
213675,734948,1
181754,650706,1
182835,650360,1
200606,645443,1
178633,650753,1
222849,635066,1
209440,605265,1
179116,652723,1
178944,652408,1
185284,664775,1
184457,671407,1
179170,657323,1
197872,747387,1
181629,658583,1
221834,638262,1
219397,632676,1
219314,632871,1
219182,632908,1
182671,663561,1
206528,749098,1
180509,663133,1
180505,662956,1
215382,759706,1
215284,758982,1
222955,757984,1
225178,758144,1
218306,734153,1
186534,670105,1
224523,722754,1
227565,723834,1
228431,724568,1
228007,724308,1
220044,632614,1
181323,665974,1
179948,664535,1
193389,676659,1
190638,677302,1
228433,758616,1
206099,748041,1
205276,746776,1
214993,716427,1
214215,715580,1
219078,632367,1
213938,630128,1
209039,606234,1
181024,647571,1
179131,660518,1
196533,668346,1
196554,668083,1
201101,745773,1
200834,746205,1
200791,746160,1
223482,637303,1
222791,636989,1
202896,743796,1
198787,747986,1
198736,747320,1
189322,664130,1
177201,658143,1
200054,747105,1
200316,747087,1
199643,747328,1
180052,664049,1
191093,700798,1
199565,742837,1
198392,746875,1
199098,745782,1
196474,679394,1
178788,659752,1
221719,636347,1
167038,621242,1
220146,627323,1
221368,629213,1
180897,657629,1
181424,657993,1
189324,664293,1
186429,688584,1
186105,651905,1
185817,652347,1
178966,661771,1
181325,664469,1
183015,664726,1
230971,634811,1
231026,634777,1
179098,662799,1
179051,662748,1
178745,662912,1
179182,663320,1
178983,663110,1
178905,663313,1
178931,662890,1
178760,662979,1
178728,662829,1
178392,660880,1
200453,686365,1
203408,741203,1
201370,741394,1
186499,666813,1
187037,667068,1
188702,667230,1
188452,667286,1
200967,645237,1
210623,746910,1
210932,746869,1
210867,747072,1
188453,663335,1
225497,751301,1
200730,645388,1
231547,734800,1
188367,691877,1
188396,692165,1
189391,667255,1
188589,648241,1
186402,648674,1
203492,744022,1
178258,664843,1
179168,664971,1
179271,664207,1
179484,664138,1
186457,689706,1
182827,662877,1
183425,663313,1
183602,664176,1
183628,664639,1
183655,665052,1
183666,665156,1
182673,665160,1
183020,665355,1
181714,665480,1
177625,660446,1
177925,658460,1
185973,692123,1
186046,687222,1
185903,691804,1
186830,691669,1
187819,676508,1
185054,672885,1
185257,673183,1
178556,663821,1
179366,663899,1
179004,667179,1
186558,691620,1
186621,691983,1
178258,664613,1
219556,628454,1
218216,632296,1
217387,631157,1
219878,630770,1
177576,656547,1
181202,662942,1
180750,662949,1
181625,662952,1
184847,665121,1
184103,665943,1
182260,662890,1
182579,666123,1
183092,666329,1
183635,666504,1
184845,668626,1
184402,668230,1
182755,663687,1
182795,663752,1
182828,663840,1
182947,664237,1
182975,664286,1
183447,664647,1
183019,664671,1
183130,665177,1
183155,665279,1
183301,665662,1
183387,666649,1
183329,666928,1
183298,667096,1
216408,629937,1
180550,663600,1
181175,664639,1
180860,664736,1
182488,666468,1
182202,666336,1
182756,666630,1
182216,663394,1
181836,665446,1
182076,664650,1
182070,664209,1
181873,664713,1
182082,664730,1
183864,666118,1
183101,665694,1
182725,665665,1
183932,663183,1
183486,663471,1
183941,663413,1
183968,664152,1
221185,631656,1
178135,654417,1
184583,666625,1
221021,630915,1
221199,630988,1
180316,664470,1
220010,631294,1
219427,631354,1
220415,631836,1
220542,631687,1
219700,632632,1
220165,632070,1
220110,632095,1
179998,663754,1
219037,629896,1
182875,666267,1
178334,657470,1
181702,652154,1
182828,652528,1
180484,671054,1
206839,746243,1
218902,629256,1
219451,629217,1
178582,652866,1
179199,652920,1
209207,754690,1
196767,743974,1
196337,744264,1
189220,664620,1
186239,676217,1
218877,632527,1
178420,660142,1
186967,665677,1
177469,653933,1
188957,667215,1
209215,768542,1
188660,666720,1
189587,667349,1
166032,633360,1
182702,573192,1
179786,663052,1
179864,663395,1
224471,633832,1
221713,637372,1
222118,637246,1
197471,748447,1
182373,644316,1
191164,701783,1
188733,667385,1
194292,719413,1
194524,720123,1
182078,644633,1
181653,645404,1
177216,660426,1
197007,743394,1
195969,660162,1
226845,767829,1
217971,628910,1
228990,735159,1
220251,627483,1
221397,629881,1
222456,729685,1
204957,745511,1
253975,791907,1
204453,745004,1
208864,746650,1
202032,744785,1
202288,744860,1
202483,745101,1
201859,744961,1
202039,744870,1
211363,749297,1
208915,751458,1
208453,751748,1
208756,751532,1
226296,757421,1
168180,637393,1
167792,637407,1
177634,662467,1
180509,663039,1
178749,663252,1
178706,663419,1
178631,663639,1
200680,743973,1
201197,743843,1
217548,631485,1
217532,631547,1
216970,630662,1
192285,658380,1
218541,632267,1
218881,632071,1
221399,631797,1
189835,666762,1
221686,632083,1
221600,632264,1
221501,631862,1
221563,633437,1
222024,634004,1
222283,634761,1
222271,634693,1
221937,635644,1
221791,635758,1
222198,635188,1
221694,636084,1
204651,745373,1
221837,636332,1
221950,636286,1
222131,636291,1
222207,636287,1
222035,636281,1
222834,636333,1
206616,749046,1
206707,749515,1
177948,654116,1
180282,658521,1
191254,705123,1
200025,746149,1
205364,745594,1
205521,745683,1
222077,740487,1
221961,740790,1
222070,740413,1
251175,758936,1
253528,786070,1
200563,746602,1
238452,741991,1
165759,633875,1
165984,633766,1
200310,746950,1
187501,647333,1
187610,647388,1
187604,647475,1
188439,647521,1
185321,570089,1
182640,649583,1
170164,637859,1
204313,742233,1
203912,744299,1
201888,743577,1
206924,739815,1
191378,677028,1
181380,644850,1
181499,644670,1
201607,741173,1
214552,747733,1
214492,747575,1
186132,662544,1
185182,650670,1
188659,647918,1
175817,641224,1
176465,641874,1
176302,641834,1
183929,650217,1
190444,655434,1
191316,657670,1
199879,746479,1
199569,746807,1
199930,746539,1
199967,746579,1
198874,746698,1
199211,746478,1
197138,747543,1
200398,745287,1
194288,675888,1
204519,741954,1
180331,644585,1
179610,644203,1
189866,646306,1
189872,646509,1
199146,747583,1
200479,746745,1
201113,745399,1
201799,744979,1
220357,636915,1
221218,637414,1
198910,748424,1
220138,628395,1
208167,748994,1
208200,749084,1
208180,748936,1
190270,676154,1
188013,658855,1
167257,632055,1
218425,630492,1
178790,666800,1
179230,664410,1
179291,664616,1
178991,664685,1
178857,664920,1
222265,634921,1
202226,744952,1
178822,665086,1
219325,630480,1
181585,667864,1
217255,629189,1
210448,730289,1
162990,621034,1
204506,710189,1
175983,625718,1
176725,626495,1
176843,626583,1
184217,633720,1
189534,665917,1
189365,666925,1
178524,654450,1
170925,637706,1
177378,662054,1
209371,753223,1
207001,739927,1
207052,739942,1
203580,744091,1
187824,675739,1
205428,745527,1
216607,629840,1
217223,629515,1
216719,629855,1
219131,633106,1
207043,750051,1
222550,632350,1
222673,631964,1
222584,633919,1
222002,633818,1
221930,634145,1
181616,646400,1
180693,653223,1
193011,675344,1
185110,665639,1
165659,626114,1
177792,634580,1
201082,745879,1
199532,747499,1
200622,745554,1
200693,745603,1
200584,745599,1
190149,666159,1
190452,665635,1
189018,665859,1
190782,665460,1
181748,653106,1
183495,674761,1
182412,648974,1
166909,636580,1
167691,637113,1
200712,746360,1
200716,746284,1
227693,729235,1
184415,671253,1
181397,666101,1
218062,628866,1
166765,633860,1
184333,639784,1
220409,636918,1
177726,662437,1
216606,630392,1
216142,629736,1
218165,632767,1
189168,667245,1
215873,629694,1
220710,633886,1
220078,634093,1
219879,634121,1
220315,634135,1
221259,630545,1
218182,629187,1
218349,629321,1
217962,631015,1
217826,631152,1
217673,631320,1
217332,630989,1
217248,630820,1
206950,749926,1
206706,749011,1
253739,791622,1
200328,745963,1
199487,747438,1
238436,742260,1
188380,659065,1
221218,631726,1
220458,632487,1
177026,655051,1
186104,667175,1
179052,666905,1
178242,664759,1
178456,665335,1
178068,664539,1
178789,663110,1
191043,663914,1
190967,663578,1
190969,663521,1
179353,664600,1
165446,620878,1
189575,665695,1
178676,663515,1
189549,665819,1
217461,631349,1
181295,665098,1
184861,639268,1
178835,664995,1
217745,631255,1
217682,631659,1
217760,631756,1
182385,664772,1
217895,631931,1
204744,745530,1
218283,632226,1
217491,631661,1
217478,631780,1
224704,722916,1
218873,632590,1
218829,632555,1
218679,632380,1
218955,632468,1
218996,632422,1
218572,632765,1
218330,632652,1
218358,632755,1
180335,644523,1
219074,633029,1
219006,632965,1
217906,633381,1
217818,633611,1
218003,633659,1
218032,632755,1
217876,632765,1
217312,632734,1
220720,633531,1
219987,633280,1
221149,633817,1
192219,635875,1
219826,633138,1
219404,632542,1
219634,632580,1
219387,632345,1
221522,633279,1
186736,635267,1
221606,631353,1
181811,631235,1
182967,632821,1
181711,631164,1
178727,663334,1
178779,657339,1
204516,709010,1
220338,632334,1
220473,633422,1
220719,632270,1
219648,626582,1
184365,665903,1
180724,647564,1
219696,633023,1
203119,744131,1
185803,650965,1
253399,788677,1
178216,633609,1
181380,666314,1
187706,665865,1
191265,658310,1
174773,644087,1
186893,664054,1
185979,663801,1
188846,684677,1
221389,634066,1
222098,634089,1
218535,626653,1
218565,627324,1
218707,626702,1
219002,626653,1
220902,626347,1
191915,675138,1
191885,674995,1
219116,635519,1
218464,636228,1
218027,636532,1
217964,636998,1
222783,636315,1
222699,636259,1
222774,636518,1
222556,636230,1
222654,636589,1
222650,636873,1
222568,636710,1
222776,637324,1
222607,637349,1
222863,637066,1
222854,637182,1
222714,637333,1
222309,637789,1
223619,637325,1
223061,637007,1
222326,637725,1
222414,638370,1
222248,638065,1
222855,635291,1
220325,646010,1
222289,633614,1
181285,568731,1
181345,568737,1
197968,638032,1
200783,702220,1
183897,667995,1
183740,667282,1
250839,743981,1
211297,768066,1
229348,725056,1
229663,725193,1
190479,676399,1
190611,676540,1
184559,662288,1
184823,662135,1
207573,750647,1
203171,743913,1
185229,661959,1
185367,652962,1
203372,743942,1
203069,744118,1
182119,649108,1
200680,645298,1
174554,644137,1
184530,552864,1
181421,566707,1
183433,556575,1
181329,564068,1
201329,694711,1
203068,742182,1
206149,747972,1
181531,665583,1
201528,745087,1
201363,745535,1
224143,757869,1
206012,746701,1
191067,653588,1
168119,629072,1
220022,633102,1
218820,627903,1
228549,758634,1
177159,609061,1
219482,626583,1
177750,617717,1
178330,628359,1
177973,633770,1
178925,632166,1
177883,634892,1
178023,635215,1
178849,636993,1
179621,638208,1
182540,641518,1
182688,641747,1
184622,644099,1
189845,648877,1
191325,651534,1
190365,650006,1
226507,758640,1
187799,692392,1
251121,757680,1
210929,746776,1
187053,647581,1
187197,648181,1
187448,648580,1
187732,648811,1
187074,649015,1
186374,648244,1
186925,648207,1
187501,649311,1
188548,648020,1
188374,648186,1
187961,648430,1
188052,648323,1
187830,648610,1
180119,572385,1
186345,648992,1
195903,651018,1
201740,646482,1
201700,646619,1
201756,646619,1
202635,645543,1
200327,647989,1
186962,686534,1
207451,750534,1
218665,573023,1
218777,573021,1
188711,648847,1
188875,648916,1
189272,649369,1
201871,741601,1
195759,656864,1
205677,740589,1
194427,655109,1
178705,656454,1
179834,667724,1
208235,749039,1
183914,664630,1
217644,631604,1
224920,680972,1
224728,681172,1
227423,725189,1
187897,688841,1
181406,665582,1
180825,665257,1
199060,644624,1
227435,725399,1
184031,551866,1
167585,636100,1
211990,573595,1
211847,573609,1
189783,646670,1
180579,576004,1
182057,574070,1
182355,573495,1
182294,573595,1
181485,574428,1
180751,575388,1
180760,574449,1
180759,574744,1
180760,574556,1
180741,575005,1
180748,574166,1
221274,631747,1
181200,572975,1
180989,573227,1
180682,572900,1
180832,571729,1
180088,573425,1
180493,573373,1
179673,573459,1
178623,574159,1
179333,572975,1
180111,577370,1
177684,573571,1
178553,573188,1
178408,573301,1
179283,572818,1
177014,574002,1
179899,572685,1
179884,663862,1
179820,663799,1
179042,663452,1
179742,574219,1
180450,574156,1
180504,573839,1
214151,634235,1
213971,633570,1
213895,633913,1
177927,575068,1
177407,574467,1
178374,575363,1
204745,741873,1
203082,743501,1
179170,572582,1
179228,572658,1
178333,574437,1
181798,665631,1
180476,571930,1
181181,571034,1
179526,575217,1
179926,574786,1
180107,664070,1
171418,582125,1
167061,582995,1
169054,582375,1
181116,664660,1
161953,593238,1
162609,591800,1
162129,592707,1
160790,601895,1
160728,601984,1
160715,602996,1
160740,602871,1
178532,663897,1
179290,661671,1
180040,663865,1
246665,743507,1
248633,744009,1
181090,568675,1
162431,580863,1
163773,581366,1
178468,574015,1
204991,744954,1
250958,743652,1
184707,665868,1
195698,665764,1
219316,626643,1
219266,626614,1
182529,653618,1
215172,621501,1
215225,621462,1
230094,718211,1
181888,665646,1
181616,650795,1
181374,650627,1
181592,649285,1
196505,668218,1
181041,642330,1
181338,642228,1
201725,745145,1
183461,640253,1
178044,664466,1
207243,745707,1
179177,663955,1
190126,675445,1
201554,745339,1
180441,664725,1
185949,666648,1
178422,663379,1
214996,623471,1
185659,657896,1
219230,632873,1
182225,653329,1
179832,661583,1
180125,661592,1
183120,668130,1
184554,671295,1
179951,664187,1
186178,676943,1
185093,669060,1
179761,663699,1
189921,667558,1
187651,688846,1
202393,701990,1
180228,664254,1
181221,665490,1
188547,647511,1
182694,657383,1
179598,572225,1
179694,572342,1
181102,653105,1
177479,655403,1
178389,635899,1
186506,670153,1
195896,691410,1
199876,643271,1
199633,644641,1
200709,645136,1
200639,645121,1
202563,645099,1
202551,645006,1
202456,644511,1
202465,644629,1
199998,641995,1
200570,645887,1
213489,619908,1
213552,617685,1
185743,666614,1
224953,751692,1
222245,634969,1
196090,709458,1
180692,667113,1
228950,733397,1
229735,733833,1
229400,733738,1
229274,733759,1
229468,734131,1
230274,734051,1
230767,734345,1
230695,736912,1
210894,746971,1
228349,733195,1
228308,733248,1
228397,733277,1
227635,733187,1
228201,732887,1
227850,732569,1
229541,734864,1
222226,740224,1
233183,635738,1
199222,683153,1
230651,759325,1
230278,759230,1
228295,758856,1
228481,758813,1
252462,765251,1
252025,763937,1
251836,763716,1
252801,766186,1
252807,766259,1
230696,759194,1
230715,759137,1
186264,676311,1
199860,644595,1
190154,684711,1
189713,684640,1
189731,684569,1
190698,684932,1
233326,727751,1
210462,746803,1
230018,758738,1
229293,758501,1
229809,758677,1
228773,758570,1
228960,758501,1
182663,648969,1
215698,717438,1
230454,725761,1
216271,756147,1
216075,756879,1
187722,675364,1
187755,675472,1
218013,628466,1
218065,628492,1
180563,652455,1
182839,652581,1
181880,650841,1
191136,654045,1
205686,745561,1
185785,687056,1
224923,751824,1
225440,751980,1
209474,753242,1
209151,755071,1
209696,749941,1
209832,749918,1
218169,632226,1
219640,632817,1
219718,632765,1
221596,632682,1
222584,636806,1
222646,638343,1
222281,638346,1
222845,638635,1
253545,790596,1
253495,790025,1
253577,790786,1
253477,789551,1
253532,790364,1
191008,652395,1
190654,652396,1
184156,644322,1
183636,645160,1
182778,628247,1
213998,634022,1
172987,623416,1
216982,628676,1
221889,632169,1
196690,668441,1
212017,735289,1
216575,734710,1
216503,734643,1
217254,734390,1
221528,733198,1
180657,664070,1
180622,663946,1
230883,734519,1
181061,645541,1
210133,728990,1
210128,728901,1
178153,664278,1
179818,664095,1
163380,620614,1
210964,746584,1
211029,746411,1
211051,746249,1
211181,745988,1
211226,745914,1
163471,622677,1
163412,622698,1
187995,569668,1
189912,651844,1
209772,729200,1
182028,644609,1
220910,626514,1
217653,628373,1
215497,734649,1
223780,646500,1
223727,646446,1
189571,666871,1
213072,735011,1
214745,734900,1
215012,734806,1
195510,665590,1
199876,644700,1
199652,644745,1
223332,637148,1
213733,633311,1
213812,633386,1
199397,402083,1
199475,402323,1
200086,747322,1
200014,747390,1
181000,662942,1
215312,629365,1
215211,629385,1
216065,629691,1
183490,645955,1
219493,733547,1
180247,643920,1
179217,613745,1
179163,613098,1
179222,613214,1
220696,628263,1
197102,627161,1
220650,634832,1
216593,752326,1
213980,765949,1
199590,747598,1
199048,747634,1
209153,765010,1
169763,622229,1
198425,629293,1
198954,629811,1
187590,690953,1
191171,655269,1
178562,636166,1
249389,573365,1
249395,573281,1
182961,570523,1
220619,632117,1
220429,631921,1
186595,670264,1
219008,632811,1
219201,632751,1
178921,572885,1
187583,666878,1
219308,628693,1
219113,628823,1
222617,637068,1
180368,666791,1
180944.4022,665104.5233,0
180535.3586,664495.0181,0
180256.6346,661240.8449,0
184711.9804,663134.4174,0
184033.2015,661190.6239,0
183900.477,659501.6732,0
180713.6099,654482.0885,0
180474.0162,653812.6333,0
180663.7711,664794.8685,0
179839.8562,661855.7309,0
182528.0659,659000.4406,0
232599.2064,740831.68,0
181284.2899,655940.7579,0
182309.1763,657001.2749,0
184017.4589,660008.5254,0
179978.3284,652626.2779,0
217913.9718,637201.8629,0
218961.8987,632503.315,0
218422.535,629691.6708,0
190394.8893,654421.619,0
193350.3313,649262.3973,0
193377.0963,649256.6738,0
179442.7921,660899.1099,0
177621.7557,658648.1491,0
177227.2673,655461.3014,0
253625.9743,736345.4176,0
182264.3954,671047.964,0
181444.7491,666814.2092,0
182712.439,673711.9367,0
181364.0394,671879.6141,0
182465.8653,674154.9523,0
248234.9179,748049.2653,0
187613.7037,691780.0837,0
187881.2824,692840.5019,0
188461.1334,695843.3914,0
187714.7234,699116.9248,0
190650.4938,708408.6848,0
195713.9476,671053.0046,0
182306.6971,674195.4994,0
229554.4686,544299.7503,0
190862.2308,646822.9041,0
184338.4567,635034.4342,0
185901.605,670494.4621,0
191588.8196,695994.8224,0
189742.2082,692196.2246,0
186596.2687,686974.2193,0
182007.8162,671920.1368,0
197802.2093,748432.5417,0
213606.5975,724531.9646,0
209806.2242,666593.4877,0
249834.1206,757285.2472,0
194780.8099,673012.6739,0
220224.9919,637301.4059,0
208599.1269,740830.9686,0
191450.9067,659061.5696,0
191562.7477,653519.3221,0
190511.6541,667676.4658,0
227486.1605,632364.5887,0
247965.3299,631222.0986,0
238311.3743,607431.1225,0
219753.0829,635018.2979,0
205073.3926,741533.8911,0
193372.5377,652469.5311,0
194392.7946,651270.5281,0
191672.5155,669725.6293,0
195034.2141,670266.6879,0
196452.5644,672151.7807,0
194019.8936,669226.0762,0
203729.5853,708878.1058,0
202209.3788,702011.0456,0
192248.4447,712365.3757,0
192079.732,712313.0809,0
260882.2312,756568.9662,0
251399.9131,753554.5908,0
241062.848,716559.1218,0
246993.3376,709055.2563,0
186937.3662,688202.2529,0
207464.9501,739351.5177,0
202922.0879,743775.6714,0
186467.2596,686753.2602,0
186269.3819,686474.708,0
185766.5851,667433.3226,0
186290.0839,669764.5591,0
190144.4562,706043.6725,0
190133.2525,705520.4691,0
270494.0297,765815.4405,0
182332.8094,612505.9582,0
185609.9137,666991.3397,0
188700.4127,669416.1685,0
185603.2344,665930.7938,0
188696.0444,676046.6993,0
184957.3818,663766.8618,0
182898.8505,671770.5356,0
182072.3945,673628.4524,0
180509.919,653845.9299,0
184415.9323,682525.6801,0
183577.7055,658169.652,0
177258.8008,544511.5247,0
180207.6003,532569.708,0
200374.4082,587295.8516,0
182177.604,611296.8751,0
179409.2108,601606.3811,0
179605.7757,650483.7164,0
179831.8731,651777.3362,0
206715.4178,727322.8445,0
201800.7832,465299.2929,0
207159.799,433412.7337,0
174715.4262,594548.4217,0
163031.3609,604299.0081,0
188379.9234,587976.2574,0
184181.3618,657583.8652,0
201127.9499,439952.163,0
155314.2725,569211.848,0
249026.7952,712645.1981,0
237793.4735,770229.3208,0
241757.5572,765939.5772,0
210125.0151,584739.9525,0
273924.6533,784127.7258,0
190925.0003,665500.7575,0
186315.6404,686827.6675,0
193985.857,652033.7907,0
275135.0388,778101.421,0
261187.3843,768551.5762,0
259618.2295,756664.4776,0
269902.034,774302.7761,0
218448.6692,630421.3944,0
182404.8913,669572.6995,0
182330.1623,669106.336,0
190865.5914,667092.1885,0
187112.0487,669891.1561,0
191991.8999,652261.0697,0
209484.468,758348.0808,0
203982.5816,737771.9863,0
202403.6423,745092.5854,0
193446.1775,722021.7642,0
183821.9731,671583.6847,0
195523.8867,735223.8205,0
193382.5829,721461.3991,0
184711.0386,657265.6902,0
184905.2095,657516.6306,0
191062.8811,708993.0828,0
209397.1018,758145.1591,0
194103.1038,668172.9131,0
183015.8122,656841.7972,0
182792.6596,657223.394,0
181405.7906,650697.0397,0
182503.3528,657690.2773,0
177088.509,654146.6078,0
178495.1443,652035.0083,0
181409.6067,651003.8465,0
181339.3339,666645.5924,0
181421.925,666306.7959,0
218898.2604,633199.0613,0
184623.2891,644134.1534,0
177248.1435,626943.9618,0
191306.2646,651540.8923,0
210648.0088,666855.3557,0
210226.447,666724.4469,0
195947.364,668690.2374,0
196762.7085,668102.3501,0
195386.249,668940.0341,0
190622.6093,669870.4157,0
193849.8026,664589.0371,0
193554.866,650342.7825,0
193838.4397,651082.3037,0
182622.1816,675054.3394,0
214686.6874,630828.2394,0
177454.8918,660053.0009,0
178007.8632,660642.1035,0
182367.1215,672817.5297,0
186553.0861,650983.7584,0
201396.0241,691022.0779,0
181219.2314,665875.0311,0
181529.795,672080.9305,0
182373.3305,657876.8676,0
181355.8489,650511.341,0
200568.8341,553020.0341,0
219060.4635,550187.913,0
238206.8301,770120.6252,0
202905.7252,709722.2917,0
223699.115,569727.034,0
146593.8886,580440.1587,0
147898.1999,588629.6541,0
147425.5651,587901.9638,0
200721.0032,699583.5304,0
196378.5068,727276.3638,0
237793.0874,751396.6399,0
238848.3875,754706.644,0
209858.5145,741452.4603,0
180096.7336,663385.332,0
181619.7007,507863.3732,0
157716.7042,489808.8144,0
142707.0576,532533.1996,0
258534.0031,768799.65,0
270955.6815,792555.7915,0
230085.9606,718213.667,0
180443.9417,664771.6777,0
223677.6841,524810.3705,0
182024.551,668469.0144,0
259258.7244,792147.7599,0
260879.2512,780697.7896,0
191213.5615,692242.9884,0
212655.9074,467899.733,0
145877.8735,575596.3221,0
136739.8254,570877.7706,0
166187.4856,608630.7873,0
191251.1573,658308.8008,0
222432.0915,729676.0933,0
265920.2521,793834.5789,0
191121.4774,653848.0681,0
187561.7672,692419.4162,0
182785.073,649219.5048,0
188996.5618,646323.3711,0
191634.2484,697815.6618,0
209402.5449,758465.279,0
204657.7534,710310.3673,0
192716.6121,709631.534,0
196600.7494,706146.9361,0
189210.0967,679662.9404,0
190835.1512,675128.615,0
182878.4367,677478.8335,0
275373.2665,749262.3874,0
278450.4725,769092.6039,0
267061.3267,742787.1501,0
184114.2635,661633.2306,0
191430.3714,659134.7689,0
168304.7195,631781.5119,0
222457.4196,729708.4281,0
219462.5819,634974.7493,0
184209.7981,632907.0129,0
197281.1517,748429.2818,0
199663.4522,707907.4599,0
185552.9073,686228.4701,0
195816.0617,734717.5658,0
200119.582,690923.0187,0
248024.2458,697470.287,0
211367.819,608057.6368,0
219252.3415,616410.0045,0
209772.0359,603814.0317,0
210391.2049,587934.8082,0
232215.5513,650934.9111,0
191120.144,700028.2326,0
204295.3999,723945.8858,0
203063.3336,710345.0962,0
191262.9816,646138.7691,0
178226.6569,651569.9033,0
202609.3726,704715.9174,0
187028.1663,646992.6092,0
200676.7458,722690.5387,0
172339.7532,636776.0694,0
223803.8454,655914.2166,0
242518.3221,679238.6736,0
243143.3383,678012.6014,0
262128.2661,754250.9031,0
273091.8453,755840.4648,0
248323.1787,670330.8618,0
252200.435,779874.0718,0
251615.9215,779771.173,0
168842.708,632227.8004,0
198506.7111,561802.2992,0
189923.5876,646065.55,0
178156.5963,652219.7487,0
178558.3839,652024.1209,0
178230.3416,652343.6487,0
177497.1986,657006.4127,0
177308.0434,656554.6217,0
179309.9543,660602.4311,0
193507.486,667629.8067,0
184025.5221,417290.7833,0
179900.5119,651457.7847,0
182159.4076,669617.0335,0
201490.3156,745936.9606,0
183319.3817,656373.0051,0
243933.9236,661685.3064,0
246942.6437,668340.4829,0
230191.0348,648135.5503,0
270922.1513,793154.0998,0
183362.4527,634774.0988,0
195522.7123,644614.0414,0
185414.6685,664691.7659,0
189791.5726,677103.772,0
193250.7213,674677.1361,0
190842.9713,675366.4351,0
187289.6652,647238.9999,0
187759.1278,646815.585,0
213396.6571,668456.0827,0
195925.731,672139.0149,0
189902.7719,677572.0254,0
189741.5922,677480.4441,0
189272.0854,678789.1716,0
189460.8815,677981.0986,0
189840.301,677546.8796,0
222408.155,634992.4814,0
186973.1231,663808.2306,0
183300.6527,656543.9313,0
178390.0323,647600.7911,0
178446.8281,647598.856,0
178431.2305,647532.2958,0
231795.9834,751518.4228,0
184398.1154,657026.6043,0
197151.4147,720988.6906,0
212142.5916,667803.5326,0
224689.5229,632509.2003,0
215727.3837,668456.7244,0
191132.0929,654138.4794,0
189242.002,655216.5342,0
198940.0832,638158.6514,0
198746.5373,638887.4823,0
182595.7913,650024.4875,0
186780.6248,647259.4723,0
189829.3744,646588.9138,0
189855.9198,646213.7473,0
224563.5262,669104.72,0
195245.4618,673319.8901,0
177757.0456,645497.6079,0
183731.3736,570450.4288,0
183762.3028,571040.8209,0
183504.6558,570491.3046,0
183491.3491,569873.1009,0
220002.6042,737618.9136,0
183898.9779,633457.8128,0
193939.4102,636986.1688,0
193419.3687,669221.5744,0
194246.5772,668853.8824,0
208783.9488,746641.4694,0
207047.2264,745936.8562,0
196940.9637,679770.63,0
203728.5678,709739.8864,0
204711.408,723840.7179,0
176604.5019,650643.689,0
267870.2575,664046.9046,0
182226.587,670102.7746,0
185201.6893,670866.7445,0
177689.305,656527.0518,0
177350.6218,656079.6762,0
177616.4069,658431.1007,0
279272.0624,719569.3824,0
203930.3927,744950.615,0
203640.4685,744926.6085,0
203157.5266,744789.7613,0
193199.3027,674479.4929,0
222600.7179,635303.1927,0
182554.5373,650066.5523,0
179129.8987,660697.9536,0
178593.0446,660358.6654,0
182341.7074,671433.6553,0
182785.0401,673910.5613,0
224975.2758,632328.9186,0
182830.6291,675912.3554,0
182768.8437,676345.474,0
182871.5137,676333.1933,0
186546.8057,686681.3739,0
187671.8419,692425.6672,0
187814.3626,699592.391,0
191024.9947,708551.1072,0
216898.6782,641951.6928,0
216871.6292,642007.974,0
212677.9241,642186.616,0
174592.9778,644102.9918,0
219500.4322,634414.6828,0
196081.6326,735198.6827,0
195585.5661,735706.1607,0
177008.4848,614881.4865,0
169758.1996,617331.9052,0
179173.4103,613533.4649,0
182653.9218,611831.6626,0
169587.0795,617381.9058,0
182128.874,611982.1883,0
171557.9145,636021.8195,0
172264.7599,637818.4936,0
171842.7402,637439.6342,0
171688.386,637227.731,0
183149.1242,656409.2157,0
184298.4897,660544.5312,0
184814.6892,663388.1197,0
184539.732,662794.7915,0
154785.7804,580706.3768,0
182690.4845,657390.075,0
174176.8661,643519.0664,0
179953.6708,651515.9963,0
213714.458,734942.8392,0
213077.7419,735011.1983,0
184421.0551,671146.3925,0
267791.2486,664116.9025,0
194618.917,645042.8507,0
201693.88,646615.593,0
179899.2682,662587.4306,0
185817.3103,667749.7511,0
212007.8255,667701.4676,0
219733.8482,733940.553,0
179656.4439,661193.0907,0
193208.7323,636691.1984,0
218252.7727,719865.2262,0
174797.9747,644844.893,0
182958.583,641973.0818,0
189337.1874,664053.1901,0
186919.1785,664128.0686,0
174210.9378,644023.4425,0
194236.0957,663290.9448,0
216273.0484,744555.727,0
216188.6383,744597.3205,0
189763.874,675997.9413,0
189713.2256,675588.5963,0
189551.9268,676053.4779,0
212163.8506,634290.4249,0
199025.5378,743339.6381,0
201565.7269,636669.5112,0
189313.8585,682171.2428,0
185350.5043,652958.1335,0
181485.3942,659035.4818,0
181517.2001,672397.0009,0
177639.4686,657459.6966,0
198689.428,682062.4178,0
230998.4202,634792.8928,0
200697.1436,687345.8481,0
200456.9471,686364.6347,0
186268.9091,537394.978,0
180367.0777,586844.4565,0
181551.846,658989.7473,0
195207.8442,672831.6461,0
187959.5585,692377.2017,0
248770.2356,756659.826,0
190966.8807,670691.9843,0
179722.7838,663712.3843,0
247082.3109,709359.7822,0
218577.8142,628037.8608,0
188833.9059,675366.6648,0
189118.7109,647779.8137,0
229704.895,644230.472,0
217072.146,642025.3124,0
217022.2283,642094.3726,0
206201.385,726289.9873,0
190996.6365,653406.2448,0
190464.6785,579441.9977,0
190644.1041,579598.9829,0
183184.7038,658402.4473,0
206999.3264,746409.971,0
206620.3365,746012.4702,0
206800.0755,746206.7729,0
181375.8014,672022.1121,0
220256.6022,742198.6406,0
196758.4929,744087.0755,0
196717.4282,744912.4871,0
196305.6827,744040.0687,0
196652.0126,744241.5082,0
196449.1791,744179.4944,0
189282.2565,664380.137,0
192118.521,663812.1565,0
178963.1731,546633.0802,0
194981.9655,701731.488,0
194116.9259,701715.8981,0
188606.244,648419.3735,0
187433.0718,649542.8494,0
181427.1967,566689.5166,0
182639.4642,657430.124,0
182206.5848,656961.5505,0
217939.5162,628667.221,0
208785.9187,549513.1658,0
222502.0157,729680.2732,0
222453.2075,729646.4451,0
233984.4776,718288.7474,0
204530.4941,745096.4277,0
204262.6231,745004.4865,0
205382.7825,745538.2134,0
206098.4725,745632.8535,0
204472.7695,745189.7839,0
209644.4734,749936.0651,0
203852.5559,743582.0135,0
203216.8277,744852.8229,0
203563.0185,744688.7136,0
226260.9061,757427.343,0
201255.869,744006.7287,0
200575.4261,743850.1874,0
200529.8522,744080.5413,0
201228.3734,743827.3612,0
200700.3769,743991.5838,0
222354.1784,634767.2373,0
201117.8545,746049.023,0
201138.9467,746014.1272,0
201171.5668,745937.91,0
205527.1241,745619.7001,0
222130.6233,740318.3798,0
222448.93,740144.7882,0
259956.6272,783541.6606,0
195040.8109,621655.5807,0
210434.5546,730901.1198,0
187095.8279,670440.1458,0
232686.1786,740785.6605,0
238459.548,741918.7876,0
191404.1345,659085.6391,0
204558.7638,745209.7608,0
182849.8738,649827.1797,0
176590.4858,635312.2287,0
172925.665,636677.9715,0
177039.3134,653654.6445,0
177309.6359,652309.7748,0
193689.1469,721534.5069,0
627777.3832,779143.762,0
629417.6037,778267.9523,0
627460.0394,778379.0487,0
196668.5166,744310.23,0
190309.0511,654514.0123,0
191979.4337,544750.8636,0
193837.5156,718035.7418,0
193876.1173,718197.5,0
194837.3888,644918.3631,0
194328.6349,645215.1115,0
194601.4535,644257.8224,0
194217.0888,645224.3008,0
193274.1273,645438.9586,0
194050.4416,646001.756,0
256071.1726,866621.4989,0
220376.8697,636565.6086,0
182996.5782,642162.7542,0
183042.5639,641999.0753,0
183071.4387,642122.9126,0
177493.7246,659326.7993,0
192089.9595,707923.1269,0
196510.9158,644481.5023,0
196222.5278,746476.1835,0
202593.8557,709691.3387,0
203789.8497,709905.6479,0
189641.5601,676084.9959,0
196334.4876,678821.0142,0
196806.249,679331.2633,0
196541.0961,679370.9157,0
184652.7109,657199.0219,0
172107.1246,636979.1663,0
171269.9887,637585.3157,0
209799.3757,749419.981,0
209877.5978,749912.9795,0
206567.6548,740240.6528,0
207059.3469,739982.1248,0
183812.1617,676622.5152,0
182949.4365,674632.2945,0
183474.511,675694.863,0
184094.1868,677257.0481,0
184308.0613,678567.3009,0
184694.0505,677734.7776,0
196759.9067,743980.4058,0
181448.3275,560556.4192,0
209750.9356,750317.1338,0
179324.3893,651404.4495,0
168595.8438,630866.6241,0
171482.2736,635508.7558,0
239570.3357,732868.3479,0
200818.565,746121.5688,0
200850.8022,743912.8811,0
213650.2197,734936.9212,0
213670.6468,734979.7501,0
182483.1467,671785.9345,0
220429.8056,636939.6502,0
189645.3978,676014.1242,0
218395.0615,629332.3993,0
194950.2195,652307.0931,0
207576.339,746984.6688,0
218147.338,629261.0409,0
224308.0729,651358.285,0
238447.9204,742241.7349,0
238428.2761,742583.0435,0
218792.1718,629417.2475,0
168020.3347,618040.7506,0
190352.0658,663943.1757,0
189902.8468,664037.4063,0
191011.7217,663838.9608,0
191750.4329,663806.7744,0
192618.4457,663957.1808,0
191021.3919,663091.3428,0
188833.2992,664159.2733,0
207324.4358,634250.5254,0
189639.2978,580779.6644,0
185660.2363,576229.8025,0
200242.4677,722188.493,0
201269.3222,722960.9448,0
195586.6498,636983.5894,0
196603.4599,637229.5646,0
202629.4147,645533.0898,0
180712.3877,664442.4459,0
207168.8759,626715.8668,0
189140.0766,675149.0059,0
267362.6878,664592.0313,0
174509.1483,636447.4464,0
187446.3532,664187.1339,0
184817.2616,663569.8508,0
185409.108,647551.9034,0
185026.5795,647934.5724,0
184471.348,647849.5272,0
187536.1952,696487.7245,0
193602.7037,702048.9869,0
191056.1138,669929.8978,0
191055.2691,669620.7123,0
250882.584,762082.5109,0
211743.1957,732039.8054,0
211772.4037,732104.0161,0
184575.6552,662441.358,0
184358.2912,662191.379,0
180624.3267,664087.3389,0
263105.6121,795145.161,0
177736.2559,634284.9465,0
174679.9383,636604.8953,0
191942.7264,713010.8181,0
192437.304,711591.8602,0
183742.1891,574108.4165,0
183771.6447,574266.9599,0
186867.4022,663976.3576,0
189594.5568,675858.1811,0
190112.4942,675512.0602,0
202150.9757,744863.4995,0
208205.0721,749053.435,0
190071.6994,675459.1494,0
467442.7276,860749.442,0
200713.327,744018.5862,0
177910.9737,634959.4688,0
189398.3708,648222.2434,0
189130.1554,647962.2687,0
195171.9414,672722.7587,0
193690.4263,674171.0747,0
191870.1405,674948.8427,0
192396.7043,674912.328,0
191109.8948,675160.6016,0
192574.7703,674827.8872,0
191519.6682,675069.9753,0
200132.741,621630.276,0
191541.6133,694570.1333,0
208726.6193,634398.0753,0
207992.3996,634210.8173,0
207097.3769,634217.4524,0
234262.6658,561077.819,0
234276.9987,561125.6921,0
251169.3103,757657.4681,0
261135.1274,748123.0779,0
189990.52,579063.3632,0
218116.9308,628938.0075,0
192687.4119,577862.7153,0
190128.244,675420.2289,0
194228.9147,652060.1677,0
177808.3707,634671.2314,0
179648.4994,592062.1896,0
180057.323,589699.8052,0
218829.145,627941.0633,0
206771.0011,746239.8924,0
239062.9602,742529.9582,0
209075.7907,634254.5541,0
207820.2569,634244.0208,0
205872.5517,424012.7439,0
241846.1107,713153.6973,0
206475.02,726853.9611,0
197445.591,748492.6731,0
224146.4013,630876.337,0
190777.9115,675200.0804,0
180263.4145,664268.998,0
215314.9115,573660.3953,0
203301.3921,574473.6385,0
205682.9491,574189.9563,0
199267.4482,574619.5039,0
199333.2182,574602.1589,0
215455.7901,573668.3349,0
189452.9025,647108.5659,0
213955.5645,633623.5503,0
167056.0136,582990.1399,0
246672.1699,743513.8124,0
186232.4373,576746.3521,0
256793.3375,734220.5421,0
224385.5632,669102.4255,0
195455.0081,672514.8739,0
219326.7884,626932.8713,0
180939.8201,650836.5186,0
244973.5533,757378.5124,0
180443.5122,651065.2235,0
179960.4306,651175.4822,0
179767.9771,651136.9716,0
179701.5602,651538.8511,0
179801.9929,652139.32,0
179403.107,651337.1745,0
179889.5036,651236.7568,0
179381.0107,651274.0093,0
221555.8968,647975.3229,0
240759.5521,716692.8803,0
194110.683,651458.2471,0
184560.1685,671607.9702,0
216677.6456,634233.5843,0
178401.5639,647608.5183,0
218300.2338,629420.1517,0
198103.474,667623.2393,0
155735.8716,597221.2967,0
211700.2439,634093.0677,0
205835.9979,422896.2413,0
186947.1121,583995.8794,0
179320.9197,592917.1368,0
179874.8782,590692.5747,0
183894.3043,679888.8587,0
191509.0519,544347.7183,0
206265.4583,726919.9109,0
202395.4037,635814.9946,0
182099.2007,588110.7658,0
215007.0916,633749.7166,0
219032.4086,626183.4083,0
197376.7972,575115.372,0
203757.9228,574339.0981,0
205769.5045,574208.6589,0
197269.5289,575105.7187,0
190048.5135,580145.7419,0
183000.876,587456.0017,0
187761.4883,583078.9821,0
184195.9061,586222.6885,0
198866.5985,707405.8355,0
198695.846,707040.3053,0
216914.2399,634239.6661,0
215810.5462,668412.305,0
194255.194,669013.8325,0
196729.4258,388223.3813,0
200111.6383,668166.4239,0
199973.2243,668162.3743,0
212127.2052,667814.9875,0
230557.5948,737151.1884,0
184354.9812,682047.9476,0
228341.6842,733200.9311,0
214816.7617,745501.6978,0
214135.8122,746313.8999,0
213818.1257,745065.2172,0
213957.4396,745769.9331,0
216913.53,744124.333,0
216833.5103,744108.1067,0
220396.5428,738103.9902,0
221782.9791,739930.149,0
222769.1825,740912.9593,0
238571.2046,748360.2228,0
223155.1456,739708.7408,0
223794.5261,739188.2521,0
255282.7137,734509.5649,0
218509.1703,743690.9137,0
218441.3928,743669.7936,0
220317.1868,742153.664,0
213233.2624,746233.8,0
212794.9229,747464.3034,0
212832.164,747324.2308,0
243949.6873,756844.349,0
244632.207,756812.3406,0
243696.3574,756781.6387,0
234754.4725,718191.396,0
234696.8453,718166.2561,0
234416.0676,635887.6244,0
234374.8872,635922.1718,0
199216.4902,683142.6336,0
251187.6244,762869.1636,0
251167.8814,761535.1028,0
186692.3274,676089.045,0
188148.8468,675471.1755,0
189900.2653,684431.2052,0
190031.9654,685201.3245,0
189957.39,684899.6103,0
237763.0229,742116.6357,0
206895.1827,739783.2076,0
182806.4675,674199.2167,0
210123.6453,731204.119,0
185783.3091,676506.3736,0
189176.6332,578352.6706,0
219237.7213,626600.356,0
219347.7374,626606.3087,0
204083.2725,710013.917,0
155236.8673,597727.6922,0
218207.2414,719803.1289,0
218303.0767,719792.1385,0
190800.3198,708731.5561,0
177581.4512,634718.6694,0
178388.245,634475.547,0
174956.1888,636198.3437,0
173934.0721,636789.9596,0
177916.0136,594569.338,0
178266.0321,594972.1695,0
178363.0447,594376.4539,0
192765.4361,577775.1235,0
194311.358,576159.1734,0
193659.2118,713737.1587,0
187754.377,675512.9758,0
187260.4311,675569.0014,0
190407.7978,675394.7735,0
204309.6247,744765.8412,0
213025.2661,746374.7345,0
218837.7921,627873.6568,0
218768.8479,627878.7285,0
237719.7627,693714.2663,0
218097.0959,628976.0764,0
194327.5805,702132.4507,0
209975.0829,736504.9443,0
209636.0704,735127.221,0
209901.483,737059.8963,0
191991.6453,652247.2425,0
191971.2523,652242.895,0
191972.6681,652266.7323,0
209308.7887,758279.8986,0
164441.4325,624103.1994,0
163886.2282,623227.5224,0
214589.8489,775054.8665,0
215765.9583,668433.2128,0
225526.8557,642953.5687,0
217207.767,631950.6693,0
218308.258,719855.8821,0
222787.9531,721877.1247,0
209551.0506,753278.5278,0
222386.3732,748526.6269,0
205001.9426,745384.563,0
211166.5583,775525.0136,0
184574.111,644120.1489,0
184616.0277,644090.9094,0
202214.9886,708575.7172,0
225015.6034,737825.1882,0
225135.8021,737782.8588,0
227223.783,737070.3474,0
194677.2734,623324.902,0
194992.5698,621639.7829,0
195020.1994,621599.8882,0
190887.9725,613270.4541,0
214338.8116,633817.0345,0
213136.5433,634105.3477,0
213903.253,633944.5445,0
212774.3206,634179.7581,0
190661.9701,568276.9647,0
245549.8982,766023.5358,0
189478.5921,578119.494,0
240741.868,749810.0597,0
240878.7984,749926.0612,0
240842.0845,749859.4728,0
227703.1206,729265.2295,0
208955.7885,737131.2842,0
171326.96,582198.2666,0
171439.7037,582089.3085,0
198560.8654,638312.4376,0
193923.2897,620007.6335,0
246522.4568,634092.2187,0
268662.1881,782601.4187,0
210429.66,730333.9379,0
253972.3451,791901.5919,0
253541.4662,786076.6425,0
252799.8263,766181.6137,0
253656.4621,781229.4351,0
251123.5865,757683.0847,0
209644.4666,767851.7009,0
213699.3502,769030.4573,0
226848.5984,767826.1701,0
227945.1906,767768.5309,0
214920.3137,757537.8199,0
215906.1701,757442.2601,0
226502.3462,758639.0411,0
228298.942,758868.3526,0
234797.7634,759734.5035,0
234703.5256,759795.854,0
238287.3357,759193.4578,0
239411.6015,758586.2129,0
217335.1434,755343.0603,0
224927.0101,751850.4896,0
225436.5843,751994.0162,0
221982.3968,740787.7863,0
214490.9915,747570.3281,0
208909.9129,750248.4033,0
184523.3637,552864.5714,0
181179.9532,571043.639,0
180302.7361,572544.6425,0
211853.0678,573609.2413,0
211983.1235,573595.6656,0
160787.9002,601884.4537,0
161960.4934,593240.9145,0
162764.8391,619408.615,0
171565.798,617159.4115,0
163052.575,620549.9341,0
177752.803,617684.6513,0
177113.2503,626756.8497,0
165552.2718,625881.5732,0
212634.3483,601399.8207,0
195892.1533,691400.1766,0
192242.7344,685320.8661,0
198421.9883,561966.7828,0
179682.8763,629841.1055,0
180343.7901,629983.1183,0
184939.8439,634588.9194,0
190746.8798,635427.4611,0
192225.215,635879.8726,0
197972.6002,638034.5057,0
158606.7534,610851.0612,0
210321.1875,731347.6288,0
235229.9579,728368.4516,0
251548.7351,735588.0919,0
209069.0478,728755.3753,0
210091.0232,732658.9704,0
210774.2968,732112.3227,0
210479.0983,732033.524,0
233178.572,635737.9681,0
211670.9355,741791.6505,0
212518.4604,742549.4446,0
224959.6626,639878.5901,0
224901.3734,640176.3196,0
225248.508,640356.1328,0
227458.4071,741670.673,0
228139.9362,741680.3512,0
235291.6169,740926.6844,0
235730.0682,741210.9701,0
230706.185,741059.3518,0
230036.9901,741228.1398,0
223785.3346,646499.2242,0
179838.536,579996.7906,0
224949.9268,640173.5179,0
198969.1824,638524.4059,0
215397.7259,735286.677,0
214461.3567,734867.0124,0
213716.3078,734850.2695,0
215195.411,734766.8936,0
195602.0868,665623.183,0
179109.6243,643942.7322,0
182536.8717,641513.5496,0
238204.0073,744815.5388,0
237819.0021,746081.4158,0
237823.9348,746067.8505,0
243062.5269,752495.4564,0
242928.9398,752010.3535,0
238442.1313,747783.8432,0
239001.0931,748868.7336,0
245200.6304,755536.5244,0
245234.328,755273.2796,0
162699.4572,591677.0917,0
208917.8558,625589.487,0
179166.5169,613517.6907,0
238120.8443,745027.1837,0
212584.0564,617081.1542,0
228986.0747,735160.551,0
220594.9582,634837.3708,0
224428.447,669142.0896,0
224435.4034,669043.6559,0
202287.9204,705541.5074,0
236208.531,717858.625,0
209154.1449,765016.0564,0
214247.4586,765588.0281,0
172694.9204,639854.1636,0
167042.3776,621230.5263,0
195410.2641,664990.3721,0
194889.1853,666261.1237,0
201931.332,635248.9624,0
201439.7303,634088.4227,0
201496.4032,633814.1383,0
200852.4081,631537.5295,0
200209.645,630974.6506,0
199813.7589,630419.422,0
199927.5213,630657.8405,0
202127.7609,709121.3246,0
202251.1174,709563.0697,0
201543.505,708958.9222,0
188845.2126,659442.208,0
191322.9827,655174.2448,0